,train_loss,test_loss,train_r2,test_r2,train_mse,train_mae,test_mse,test_mae
0,0.19043517277168576,1.1943621304817498,0.9622591684287394,-0.5352856088159696,3.855269325552731,1.6204905777921723,14.807283512679929,3.030254544737935
1,0.14774880939876311,1.2929728613235056,0.9706721758127893,-0.667213878284364,2.995870951085674,1.1637589742652907,16.079684737662628,3.15397312079072
2,0.07816259096754452,1.3182406453415751,0.984532338743746,-0.699268675503659,1.580039376363022,0.7377945170471036,16.388841853213016,3.1956759405165913
3,0.05511704362470482,1.3346541989594698,0.9891188222360947,-0.7203121936519477,1.1115248157651954,0.5937598903107316,16.59179909943266,3.220435721847415
4,0.04402162952166577,1.3401498249731958,0.9913265380727393,-0.7276662879693525,0.8860041054310256,0.4887973448068725,16.662726722873867,3.227564127960801
5,0.041126745880660565,1.3392856144346297,0.9919007150075247,-0.7270454587598538,0.8273512715649122,0.4895707146688812,16.656739046010866,3.224884178900719
6,0.04325850837631151,1.3381877192296088,0.991471057693609,-0.7261152644178002,0.8712412600435914,0.6095521028748654,16.64776765250233,3.221970668262243
7,0.0582591665788641,1.3473034100607038,0.9884685626313188,-0.7384419275277505,1.1779495818227548,0.8678055968052254,16.766653932935256,3.2330859295427796
8,0.09740579344361322,1.3405380863696337,0.9806405814348917,-0.7305336207333066,1.9775868587758598,1.2194378004514532,16.690381127316442,3.2181573252141478
9,0.1944196695858409,1.364634566474706,0.9613213756024794,-0.7636496027972015,3.951065940684995,1.7933977761730335,17.009772993171996,3.234243364676833
10,0.11342589540845438,1.3453856543637812,0.9774776472918918,-0.7378282537829606,2.3006842170634503,1.31248383588864,16.760735267983787,3.215808393418789
11,0.09723078694332798,1.3419068451039493,0.9806864795962787,-0.7329088911548625,1.9728983088333287,1.2147731496702507,16.713289765519846,3.2158016483217478
12,0.1576041504584964,1.3646643017418683,0.9686825086259222,-0.7633956729024727,3.199117741212809,1.604296051419672,17.007323929673973,3.238508874216676
13,0.06594176300131949,1.3469544621184468,0.9869238915128887,-0.7383244729602394,1.335739512065973,0.9676993284887868,16.765521125416573,3.23241166202724
14,0.21047178220760543,1.3725159806199372,0.9581685421064028,-0.7739861009190756,4.273131506279354,1.893111289643847,17.10946484030454,3.2461750091671946
15,0.1325843151630579,1.3474476542323828,0.9736840317438592,-0.7403190372725368,2.688206405800988,1.4552134042862925,16.784757988633988,3.224968222728372
16,0.10684438062708068,1.3421558160334826,0.978799297362743,-0.7331296012210475,2.1656761431781066,1.2908434330648395,16.715418435589662,3.2215867392927406
17,0.09112880730390316,1.349458210170269,0.9819127510724709,-0.7420567085685725,1.8476332680236849,1.1883698158875868,16.801517210100336,3.2361964542627333
18,0.2017589412525922,1.3569426089525223,0.9599461548862217,-0.7537213141408516,4.091546317574477,1.8447569888776525,16.91401818111219,3.2296208933591846
19,0.15531691566866357,1.3506123977713287,0.9692365438262484,-0.7452609932357128,3.1425224086732806,1.5964928940370025,16.83242139577708,3.225314700579643
20,0.089672073366728,1.3484462965279818,0.9823122611651148,-0.7414943665048297,1.8068228528501133,1.1446307854173994,16.796093620951105,3.230645779323578
21,0.05117728788172826,1.356469053775072,0.9899116602228866,-0.75008647936018,1.0305355041004454,0.8045703435228189,16.878961492760464,3.2529455632030966
22,0.16142930703460934,1.354469169396907,0.9679493939774434,-0.7492074396688693,3.2740062452209235,1.6231676125182457,16.87048346765986,3.2373857312291863
23,0.12206953071472526,1.3577806041575968,0.9758219178511598,-0.7534513625482264,2.469818882583893,1.3892976774365509,16.91141459403774,3.2422562036156655
24,0.0940162687946895,1.3567923377268016,0.9814330985938255,-0.7518115350690855,1.8966303200455832,1.187912932485486,16.89559904137699,3.2439174972474576
25,0.09752011788805248,1.3443709309212863,0.9806571606912928,-0.734892029950917,1.9758932686777502,1.2355941085436837,16.732416433697775,3.2317426977843047
26,0.19893237846162037,1.3528317441232502,0.9605187017389238,-0.7475454122375527,4.033059998466832,1.8242173790564535,16.8544538043581,3.2322971813768153
27,0.24201891087795957,1.357799292076379,0.9520143845438105,-0.7548945987519411,4.901785775088506,2.0460397909229986,16.925334093785185,3.2325698509693144
28,0.1264836363593531,1.3338678828440607,0.9750215069654843,-0.722974609177395,2.5515817745741485,1.3766645190991016,16.61747715001001,3.2085698756009338
29,0.07766811460805911,1.3504863143898547,0.9846909370524519,-0.7429370643384201,1.563838376830621,1.04159695633247,16.810007928310227,3.2428765566408635
30,0.11980330247752136,1.349416047334671,0.9762438196776756,-0.7415896804974149,2.4267211260575166,1.3899183634519445,16.797012890501236,3.2399394362688065
31,0.17235450873505442,1.3483574944548309,0.965856057486606,-0.741583179271265,3.487842973909518,1.6818033983689455,16.79695018848786,3.2288896709561343
32,0.053676289069699124,1.3586951256729662,0.9894029510372958,-0.7519848404634488,1.0825007321355449,0.8332593895359677,16.8972705102515,3.261290870669484
33,0.19089462659030687,1.355166047345847,0.9621832913303143,-0.7504534775659264,3.8630202583724764,1.7911558384738582,16.882501059893723,3.2361671971887347
34,0.08094411461752316,1.334880780428648,0.9840038221656545,-0.7225189990420451,1.6340279523093415,1.0733665236627312,16.613082952339795,3.2190500479102138
35,0.08391953544560238,1.3507030811160803,0.9833898010734401,-0.7422447359847302,1.6967509126550078,1.1248491027884517,16.803330667637628,3.245967871671915
36,0.2486142292545992,1.3551145126111805,0.9506797897457161,-0.7505943287665684,5.0381161677408475,2.0689974410646372,16.883859519615505,3.2337021201163534
37,0.17430497697205283,1.332714270800352,0.9655156242156441,-0.7212563655422581,3.522618623843436,1.6734989379166862,16.60090530142156,3.2069339250057936
38,0.1529093988938257,1.3442311235703528,0.9697820142977487,-0.7358876228327029,3.086801973027891,1.5655919555053057,16.742018572856225,3.226042813518643
39,0.11611547265079025,1.340755504090339,0.9770695206100684,-0.7306987610009037,2.342374826725895,1.3131098086030455,16.691973846448064,3.2265145246326927
40,0.08883799919931334,1.3469798578880727,0.9824101275189906,-0.7374321242968997,1.796825692310905,1.1669905890891838,16.75691474001547,3.242712619292736
41,0.1940855560876571,1.34477592818439,0.9615399057441338,-0.7367694094262411,3.9287428355292904,1.7958616984224403,16.750523090851587,3.2247712640315296
42,0.13397695253934216,1.3286442416720092,0.9735357755662372,-0.7155130540625927,2.7033509447555923,1.4115973716714003,16.54551310540754,3.2058034500181676
43,0.047908071466736146,1.3651439035311341,0.9905762000420902,-0.7603354817026378,0.9626519977249494,0.7383784443337624,16.977809474227527,3.26849451418221
44,0.11396942026112811,1.3443436110392213,0.9774173009856335,-0.7342788590687408,2.3068486616117583,1.3424144383032526,16.726502618677323,3.2350569675594567
45,0.20909720840199952,1.347943294327706,0.9584711151145848,-0.7401631281923724,4.242223325706229,1.8751133144921506,16.783254301021117,3.232362532478571
46,0.2161632459356042,1.3494313601404428,0.9572100052568266,-0.7431029622056518,4.371047147237215,1.9162809114065895,16.811607954220808,3.228732171842456
47,0.1137694388444288,1.350520440377295,0.9775614467333783,-0.7433316198586657,2.2921240077937712,1.2984556944783836,16.8138132759382,3.2380211428970096
48,0.055182766482175793,1.3596296231262386,0.989126109680931,-0.7529893071177505,1.1107803948987411,0.820502098369636,16.906958233788977,3.2610833210647105
49,0.11776908852698398,1.3386356229893863,0.9766533899263825,-0.7268111184365602,2.384883054378644,1.3654818426815805,16.65447891696026,3.2261702134400605
50,0.08595223059819546,1.3078304091468453,0.9829508328409913,-0.6853274075350557,1.74159202216412,1.1225860314357483,16.254383283320895,3.1898186388134957
51,0.27893143170649637,1.3413274986669421,0.9445322296922718,-0.7325741022075585,5.666096493407148,2.184987394471749,16.710060845225684,3.215239288106561
52,0.17507607087645738,1.3350001899525523,0.9652479470925115,-0.7235102664995818,3.5499621496482865,1.7032807553916964,16.622643374320145,3.2150189693659548
53,0.12216639030339138,1.3412312539294362,0.9758139423639208,-0.731044986234,2.470633587772639,1.382452728296574,16.69531306565019,3.227401504254341
54,0.11512676565598667,1.349158259574324,0.9772286955383286,-0.7409970563606274,2.326114924843227,1.3338213921713473,16.79129724153046,3.2394269494652748
55,0.09883865258416336,1.3484682273119688,0.9804573899805089,-0.7392806817731667,1.9963000764073255,1.2200661444954144,16.774743419241926,3.243558947223425
56,0.20907005013305024,1.3485971302725375,0.9585691784617021,-0.7410673929810707,4.232206042080973,1.8724493417889154,16.791975613212088,3.232340379190445
57,0.0967263544407615,1.3430016255006194,0.9808878429723982,-0.732278506424922,1.9523288085090598,1.1891865265952029,16.707209929061605,3.234550264909864
58,0.07705781015647517,1.35819573700428,0.9847645454925346,-0.7507056357694468,1.5563191900682272,1.0569973239796462,16.884933036060332,3.2612771465837955
59,0.15035287553837406,1.3430627016350627,0.970142396232813,-0.7319841837457768,3.0499885441262706,1.5801261919442968,16.70437129152779,3.235771223631501
60,0.2757473926903913,1.3469991250894964,0.9453331463895767,-0.7396219029433961,5.584281932177558,2.1845463061544117,16.778034376037912,3.2252094609588386
61,0.13152213090961595,1.3431595913134515,0.9739812477758891,-0.7329996080015331,2.6578454464992953,1.4260008975081095,16.714164697233084,3.232058139035106
62,0.13233192368079472,1.3438248713500798,0.9738688714658437,-0.734165272475346,2.669324815739442,1.4142968409875007,16.72540711639294,3.229829047346115
63,0.05768853798872442,1.362581543624401,0.9886294335065047,-0.755987638860047,1.1615164370122542,0.8354613686753675,16.935876076774225,3.267193610239029
64,0.13037600782263326,1.3485542079433799,0.9741539211047714,-0.7389910644895907,2.640206667477578,1.4491679472091017,16.77195016357441,3.2428540591806176
65,0.117176164074408,1.3498096438124776,0.9767953446182993,-0.7407520971556627,2.370382219431964,1.3551658074190294,16.78893469714385,3.2432994562447073
66,0.12082768648724596,1.3484288095496595,0.9760697320484604,-0.7388504412551695,2.444504377483882,1.379167123281994,16.770593902505723,3.2425165986835958
67,0.27492781697947066,1.345379340928048,0.9454828796682907,-0.7372377085702795,5.56898650564858,2.172218710606517,16.755039669496437,3.2239794650673868
68,0.1203552931710874,1.3380771866068244,0.9761909763376206,-0.7261039462725658,2.432119133983999,1.346450105000928,16.647658493018024,3.2252118303745987
69,0.09664170521500637,1.3567187986336648,0.9809065316304324,-0.7495975197218054,1.9504197406095054,1.1958837842193697,16.8742456509978,3.2536124374806876
70,0.11777400777043567,1.3570979088544846,0.9767109273407474,-0.7502647156737561,2.379005541365882,1.344119473606373,16.88068051859658,3.2513451735705137
71,0.15553548595198663,1.3469927008263767,0.9692630872628006,-0.738006134019136,3.139810966119575,1.5766570881619866,16.762450859580053,3.232178043603897
72,0.05704198428793461,1.352436940651387,0.9887456277682908,-0.7399604935951174,1.1496470596133106,0.7961594366106413,16.781299962418707,3.260111511528492
73,0.2191228544952537,1.3380572204478085,0.9564727909981002,-0.7264489548421071,4.446354431144343,1.9196364367101906,16.65098597793299,3.2217553973406554
74,0.18440516248756467,1.3459760379046202,0.9634100236147557,-0.7365415469758179,3.7377081454705117,1.7471913118563527,16.748325438580288,3.233371371090412
75,0.19879938756275806,1.3441347274929285,0.96068507162799,-0.7351559695030883,4.016065123067723,1.8064677581030486,16.734962036780857,3.224692552250624
76,0.13624932200582407,1.3406143407337368,0.9731147512490906,-0.7295537175179274,2.7463590626912544,1.4173655382968176,16.680930309408822,3.2269755748778586
77,0.09813448369368416,1.3541852049529552,0.980633337428243,-0.7458879485052219,1.9783268423815212,1.178110360186844,16.838468156309503,3.251595568028092
78,0.053578648637994775,1.380441073793918,0.9894236934146785,-0.7772112345268625,1.080381874443936,0.8042932262501129,17.14057010659672,3.294420274415612
79,0.202914589232023,1.3369099595583975,0.959776255867619,-0.7247427692955954,4.108901697612231,1.831479270178952,16.634530425319614,3.2187050381481646
80,0.08190917252795771,1.3350133798085153,0.983799817978119,-0.7204128349424854,1.6548672145551955,1.0567815130212932,16.592769748876332,3.226943861576915
81,0.11344659432506887,1.3603988392278552,0.9775460317836479,-0.7538946578115744,2.293698662627188,1.3224652944786106,16.91569001914857,3.2579950799793007
82,0.14263087438121147,1.3567482829093933,0.9717854350023998,-0.7499317535722385,2.882150245250377,1.510327473692646,16.87746921758012,3.246723790282011
83,0.1080875212483079,1.3473561704158783,0.9786701148222268,-0.7373495228710985,2.178872288178473,1.2508733553196556,16.756118078649425,3.2363811546206476
84,0.1031661713423091,1.3456338653340936,0.9796349053626408,-0.7347751396716873,2.0803178255133283,1.2150355607863488,16.731289068538818,3.2354922141581772
85,0.09889687676513859,1.3492997866123915,0.9804786631340338,-0.7393697294260577,1.9941269993227027,1.1909327427839977,16.775602252174977,3.2409086025953293
86,0.05047725903295941,1.3705486292019486,0.9900526054660062,-0.7650623263072729,1.0161377855087,0.7603285309355511,17.02339820884427,3.2758838222026827
87,0.12611974988067232,1.3471831772476435,0.9750342898710048,-0.7366395679013946,2.5502759860821316,1.4078074211845464,16.749270815536114,3.2361784226179124
88,0.09863079029491928,1.353162526153028,0.9805198327912964,-0.7442213364208279,1.98992147151157,1.2067165511174989,16.822394275659825,3.2453892711251973
89,0.05377244524515845,1.364335765130818,0.9893982195158811,-0.757310356611884,1.0829840624866216,0.7952957425100775,16.948633218928258,3.265406452512741
90,0.053684701128076995,1.3712797919288278,0.9893970951412117,-0.7657248866863289,1.0830989186514954,0.8213817282620822,17.029788367991607,3.2759388980627056
91,0.09014549161020113,1.3527721231803298,0.9821343649316276,-0.7427828883408465,1.8249951575805836,1.1602223257889832,16.80852095566239,3.246671534821391
92,0.08350834914108418,1.3539904570207,0.9834546699598519,-0.7443592926414646,1.6901244813456204,1.1075364785267812,16.823724814329356,3.2475581323504445
93,0.09207677971517114,1.367866933811456,0.9817450952951248,-0.7622819304919461,1.8647594983886282,1.1755458168971613,16.99658228034302,3.2666720012634993
94,0.05915174946130719,1.345331406686455,0.9883126446923931,-0.7306716661367074,1.1938767785011957,0.8822895418985466,16.691712526122004,3.2458969614297155
95,0.20910680676661286,1.3410793882794678,0.9584896850417729,-0.7301704082471558,4.240326386299079,1.8735772680213458,16.686878072101894,3.219462410607934
96,0.12101191311239745,1.3441677736118436,0.9760258040069492,-0.7331455733774779,2.4489916774165845,1.3642158487815579,16.715572481356272,3.2316134589225056
97,0.13332095480473072,1.346173653844744,0.9736119623061551,-0.7362306246401722,2.695568381701437,1.4447761071042355,16.745326703264922,3.2312318088978533
98,0.11476316624839455,1.3469710699282587,0.9772643557575712,-0.7363974055887288,2.3224721924585756,1.3260300675696328,16.74693524618072,3.238710551992059
99,0.21563110421539022,1.3443791279569268,0.9572323049193574,-0.7347211633581798,4.3687692110777405,1.90557346466066,16.730768486197338,3.2266275415420536
100,0.1308787200819097,1.3375615533441305,0.9740697370674384,-0.7249316061887126,2.648806163655037,1.4170468350408272,16.636351689974205,3.224198625957966
101,0.07890303378735553,1.350560437887907,0.984395597300745,-0.7405157989584503,1.5940076719406746,1.0542821342345687,16.78665568509582,3.2487842977970836
102,0.09042209645122057,1.3547079982236028,0.9820935436333804,-0.7457241499609601,1.8291651001178761,1.1679952397065203,16.836888377622127,3.254786193278432
103,0.14455089442435565,1.3517799056135118,0.9713283604160526,-0.7428648193683294,2.9288409396222477,1.5292262373891843,16.809311151275157,3.24509881798923
104,0.1127139351083315,1.355049550998956,0.9776658025593576,-0.7466345358648971,2.281463940219978,1.3280643184831324,16.84566872579196,3.252194510012865
105,0.06637328951910604,1.339438094291836,0.9868786485878053,-0.7235129324095861,1.3403611288669524,0.9362964587320354,16.622669086073728,3.241054923394322
106,0.23217512389055628,1.3440329637378454,0.9538369920322112,-0.733738384767231,4.71560432518361,1.9874792357983462,16.72128993631528,3.2299146313667295
107,0.2532936524332854,1.3313413802534342,0.9497362854029454,-0.7183794377834756,5.134496220849683,2.0546092376963947,16.57315835666732,3.2070122505366805
108,0.12075681243732106,1.33824309008196,0.9760716978802266,-0.7253509067747925,2.444303565509366,1.3655323571841846,16.64039569495899,3.2297733562648294
109,0.10230392499943264,1.3502318379469216,0.9797470351444519,-0.7403765955336796,2.068863639415672,1.24498523504265,16.785313117586114,3.248314198896289
110,0.13246994426299352,1.3450034563429654,0.9737411146969857,-0.7339097340396386,2.6823753165261106,1.4522592291699072,16.722942539089424,3.2391685458868746
111,0.14011018041492207,1.3443536018021405,0.972208441371128,-0.7330512655200851,2.838939658467404,1.5077508519272473,16.714662915622135,3.238552622407675
112,0.22522868978558108,1.3404106833040714,0.9553798721711738,-0.7297733654111556,4.5579973455515885,1.9345868391925827,16.68304873519834,3.22250394743979
113,0.09669605547605897,1.3392129126004875,0.980896163525938,-0.7263909881199904,1.9514788544010502,1.141364404875686,16.650426909520082,3.2316036891043187
114,0.0762961682776222,1.3554147011600435,0.9849277561360876,-0.7463900126648055,1.5396470352296177,1.0174388569094523,16.843310386517242,3.257446183013916
115,0.11060303416888928,1.3548706923611462,0.978078665210622,-0.7459686775244587,2.2392895458354674,1.318575110862844,16.839246758980355,3.255562512344122
116,0.11891012138949009,1.3514981530606747,0.9764124945502325,-0.7414194886904972,2.4094907939454107,1.379217364705328,16.79537145106997,3.251266459363699
117,0.17139940638844564,1.3525606044568121,0.9659791082340017,-0.7438823599505819,3.4752731986244934,1.6848863235999345,16.819124968196615,3.2466335660636423
118,0.1515967068644386,1.344182507134974,0.9699389583406336,-0.7331573859609748,3.0707699586505703,1.56404095513151,16.715686409521723,3.234471427577734
119,0.1320546136903431,1.3565627043135464,0.9738543518489166,-0.7489662854886308,2.67080801129787,1.4403634622666541,16.86815762138308,3.252648908150196
120,0.12238637808968633,1.3586652618832886,0.9757863172356741,-0.7514495052358543,2.4734555263762648,1.3705627003839402,16.89210739242912,3.255615715864301
121,0.09910224498889875,1.3627400640398264,0.9803946674627808,-0.7556698882823267,2.00270725368857,1.2150613812131832,16.932811485493225,3.2653928440779447
122,0.12909009863142273,1.353602125775069,0.9744063608561406,-0.7439807193875356,2.6144196567126974,1.4314162292064874,16.820073609974248,3.252041874155402
123,0.2545044079852232,1.3449370856396854,0.9495595776740007,-0.7351855126983617,5.152547118475032,2.0801054310274742,16.735246970389152,3.2263634915530677
124,0.09572768790621922,1.3509049103595316,0.9810929277514036,-0.7406893431505559,1.9313791626024983,1.1374598422397924,16.7883294570896,3.2473522840201854
125,0.057455017253232654,1.3658977490849793,0.9886436675056567,-0.7573187311931002,1.1600624176378524,0.8364525980623457,16.948713988784796,3.2751617338061334
126,0.21751664540352067,1.3434844482690096,0.9567728987308947,-0.7317935515048111,4.415698081285734,1.9170475771309448,16.7025327113819,3.2337965718239547
127,0.24162948005141516,1.3400920452550054,0.9520654000195453,-0.728681409501462,4.896574485603334,2.001515095972551,16.67251720891728,3.223518557879329
128,0.12170163227710873,1.3352674851194024,0.975919559042819,-0.7211619066328547,2.459844722623919,1.3187014287418224,16.59999427884452,3.2241317460596566
129,0.10714616765062601,1.3484461326152086,0.9788227135829808,-0.7378671458044961,2.1632841493654396,1.2317308761643695,16.761110367695498,3.2430547030627723
130,0.08678928981862555,1.3639381369575858,0.9828645852225696,-0.7571958013573767,1.7504023155217376,1.0929203647289316,16.94752837425205,3.26616885458529
131,0.11111511954766229,1.3556154971010983,0.9780381364098475,-0.7468448632511078,2.243429609419713,1.273633239195218,16.847697258607106,3.251690610152483
132,0.0625907773455765,1.370571631938219,0.9876459190577312,-0.7644249222907513,1.2619835684381902,0.884348396880499,17.017250673864098,3.276815413093567
133,0.1578837487504643,1.345260392408818,0.9687384921215245,-0.7339729208575996,3.1933989627877786,1.5903176783800017,16.723551953469677,3.2323029809206725
134,0.07576089804933872,1.351788418367505,0.9850169622706573,-0.7403202611120858,1.5305345260468752,1.0061047722836756,16.78476979213105,3.2515228902935984
135,0.14668845900450833,1.3495201552286744,0.970867241127281,-0.7383054180854198,2.975944804995888,1.5502941517458326,16.76533734792779,3.2464054060071703
136,0.18440552986987768,1.351223522797227,0.9634154450454567,-0.7418521120909798,3.737154340092826,1.738014380772381,16.799543949860016,3.242102292484045
137,0.12453743074979684,1.341697375755757,0.9753478445222169,-0.7292250226139725,2.5182460180508244,1.3543414356423484,16.67776016399478,3.2308790768027302
138,0.06036519171175314,1.3689359026029706,0.9880738106692021,-0.7621602980415394,1.2182739484938145,0.870476066231579,16.9954091786301,3.276304432198405
139,0.11353494450304424,1.3477821028791368,0.9774943582706166,-0.7362572329871755,2.2989771713785614,1.3230395509765274,16.745583331305735,3.242440823087096
140,0.16774126160817104,1.3464355506002903,0.9667767549486956,-0.7359628395679136,3.3937926698772354,1.6449745986910635,16.74274401150866,3.2324312115728855
141,0.08914955834768534,1.3523293822072446,0.9823913442933978,-0.7422210410883088,1.7987444203952645,1.0916802573320066,16.803102138791203,3.248143105322123
142,0.06249839893962417,1.3659791946411133,0.9876690744807184,-0.7588865213350244,1.2596182153644593,0.8736372381635413,16.963834766955678,3.269160109892488
143,0.10472921687050984,1.3506401381455362,0.9792845532258545,-0.7398872318735459,2.1161066989922706,1.2372395243092305,16.78059337917732,3.244693080171943
144,0.10040262996517413,1.364721464458853,0.9801071551309098,-0.7572881681105099,2.0320769688652804,1.2343613452779367,16.94841921872616,3.267718491643667
145,0.16497294476357638,1.3569093430414796,0.9673018691023647,-0.748791036826373,3.3401516554965167,1.6421519673849216,16.86646741038106,3.248486121198535
146,0.08440012926826057,1.350603232625872,0.983314448526191,-0.73952077386565,1.7044482619691859,1.0638637611432231,16.777059022060147,3.24533257535398
147,0.04449113084228884,1.3804263179190457,0.991225337121843,-0.7753882236849394,0.8963418988887655,0.6850295024278469,17.12298781557019,3.2929460405349733
148,0.1611180885208796,1.3409225293435156,0.9680269708547922,-0.7279172747003573,3.2660816780303437,1.6115844176878498,16.665147400604816,3.2274346868902444
149,0.18227650293215447,1.3295477838255465,0.9638280396041601,-0.7137734390749706,3.695007331671571,1.710263969127657,16.528735137727317,3.2105447912961242
150,0.1503199862809197,1.344941631425172,0.9702290407373995,-0.7333434392030951,3.0411377083907274,1.5364228845578929,16.717480826852743,3.235870508798957
151,0.07912745826615719,1.3591019012965262,0.9843483013672771,-0.7500323693148157,1.5988390059079092,1.051571113675739,16.878439620622803,3.2623273360520604
152,0.10955851690596319,1.3456840342842042,0.978284131639835,-0.7332502820207998,2.218300913921519,1.293650895169439,16.71658235897057,3.241814339235425
153,0.12355541307442763,1.3544748746789992,0.9755013935258858,-0.7447721035769781,2.5025608108317887,1.397252785746935,16.827706228943146,3.2538860891312362
154,0.13717784904656583,1.3459443184547126,0.9727930066485787,-0.7342893299260238,2.779225643457333,1.4776390553602492,16.726603606370766,3.2398863383054732
155,0.1287971776600898,1.3486389424651861,0.974467038816851,-0.7377963438427959,2.6082213332808846,1.4252128281488607,16.760427507962994,3.2441359015285967
156,0.130336121759683,1.3539066002704203,0.9741660367709218,-0.7444718226757496,2.6389690382541775,1.4365944038732061,16.824810126477,3.2525039049059155
157,0.1421652845101562,1.3441094816662371,0.9718224328860173,-0.732259813881232,2.8783708689122687,1.4966604453193233,16.707029646127666,3.236861782389879
158,0.1448592781548541,1.3508126330561936,0.9713012998194479,-0.7411207399242534,2.9316052106697534,1.5115564491032516,16.792490125500684,3.2450798628777267
159,0.08556204680280644,1.3577714306302369,0.9830614332806357,-0.7484947687179326,1.7302940601266814,1.114691412264145,16.86361000987378,3.2612693380922075
160,0.13262737144032144,1.3520178273320198,0.9737077631762471,-0.7421500415746913,2.6857822127048894,1.4504825515940871,16.80241737374074,3.248626252871752
161,0.20264957529980165,1.3452242244966328,0.9598603053211426,-0.7348334645846348,4.100315949325607,1.8260864940843868,16.731851591574863,3.2307950325250623
162,0.16754139456133998,1.3391798841767013,0.9668476746851911,-0.7267660843574373,3.3865481372767503,1.61399966684539,16.654044579288186,3.2241767481058834
163,0.0743251834539791,1.3572493181563914,0.9853309557516736,-0.7481818990302647,1.49845973104666,0.9567077953471048,16.86059249304094,3.2575235471934083
164,0.12136886675148162,1.3472711551003158,0.9759965157651349,-0.7361582321208173,2.4519835049827674,1.334554285067932,16.74462850316969,3.2402690670281653
165,0.11180218993104063,1.3610942135564983,0.9778595585441605,-0.7532355593018172,2.2616715436628914,1.3102871757338481,16.909333248499042,3.2630898155510426
166,0.10950996503743227,1.3591027026996017,0.9783039714290122,-0.7504714922690598,2.2162742566525644,1.2983875463833736,16.882674805296638,3.2604786149770018
167,0.1937356012458622,1.341905017849058,0.9616228860550852,-0.7302080821232004,3.920266301385322,1.7803696477111561,16.687241423233704,3.2267195137381552
168,0.1444287860649638,1.3354388107545674,0.9714280095713752,-0.7214456578503112,2.9186616638660463,1.4653414063483818,16.60273095839119,3.220924720990658
169,0.09789710802567697,1.3480776185169816,0.9806749123370877,-0.7368050162498216,1.9740799176554802,1.1331532475012593,16.750866505997745,3.2431535694956777
170,0.09745552501590282,1.3608598997816443,0.9807206148488938,-0.752669615220616,1.9694113535425117,1.1948426408882697,16.903874919172857,3.263045088735223
171,0.08996113263856387,1.361966208089143,0.9822012488010968,-0.7539194379401455,1.8181628934358038,1.1424770439628087,16.915929014673,3.2645191642850637
172,0.10068005157791049,1.3606969290412962,0.9800708888370606,-0.7524633902021747,2.035781612467641,1.2238103223723753,16.901885952235418,3.261284482342005
173,0.14811889040356618,1.349905306007713,0.9706956851354255,-0.7398459917099203,2.993469446756012,1.532374219906571,16.780195632470512,3.2388771100878717
174,0.1144993791494926,1.345864977221936,0.9773743376107721,-0.7341300158154498,2.3112374197373615,1.2820674794515483,16.725067078450948,3.236541842925549
175,0.10136166758923082,1.3577038450166583,0.9799600955479406,-0.7487843128187512,2.047099274300688,1.2051850341787311,16.86640255971964,3.2557182300060985
176,0.06278442856410038,1.3640813971869648,0.9876029647012956,-0.7558137584184821,1.2663714053212425,0.8768246404767227,16.934199061774034,3.2673673469364646
177,0.13795139578542148,1.3498589540831745,0.9726825311880714,-0.7392339711427838,2.7905108387322763,1.4722687676454258,16.774292911829384,3.241086119315028
178,0.13011489667724163,1.3522932063788176,0.9742355324788845,-0.7422947916410239,2.631869971805147,1.416099377575209,16.80381343663507,3.2451272062271834
179,0.07968615918343858,1.3529787166044116,0.9842521352408412,-0.7424453084510998,1.6086624862598389,1.019155791073921,16.80526511772126,3.2490214095264673
180,0.09291302921815259,1.3547316784970462,0.9816397263277451,-0.7450430632646832,1.875523059521014,1.1349799738867858,16.830319538736006,3.2498330253839494
181,0.053068836928442664,1.3736585048027337,0.9895422795532055,-0.7682434070008533,1.0682681640866027,0.7623064761449203,17.05407860045094,3.2783299489200113
182,0.09114171687633643,1.3570046317763627,0.9819810786595246,-0.7474786974566296,1.8406535264681871,1.139530066824481,16.853810364030164,3.2530963810414075
183,0.11104883731377413,1.3573965751565993,0.9779939252571991,-0.7477507152782386,2.247945829480493,1.299935208760508,16.856433879148092,3.2554882680386306
184,0.1925742943935802,1.3374118958599865,0.9617757947542969,-0.7234549922218403,3.904646502002577,1.78047716817412,16.622110273575387,3.2217917312532665
185,0.10531944566400853,1.3411751394160092,0.9791719246126986,-0.72771591506872,2.127611841285159,1.2037056080381825,16.66320535859221,3.232039032593369
186,0.056285805200332106,1.3706258833408356,0.9888921246626348,-0.7642358202008548,1.134682233467747,0.8146547597176704,17.01542685148091,3.275977521494031
187,0.06826438031202997,1.3714015576988459,0.9864978267846527,-0.765008874959521,1.3792625137880474,0.9659881028245201,17.022882689610746,3.2776964672148226
188,0.09039150566241005,1.3680944233201444,0.9820791577939384,-0.7607566746312635,1.830634630152432,1.1693495441190722,16.98187173018296,3.2735946909338236
189,0.12167881411733106,1.3573262528516352,0.9758519275194802,-0.7477652430367101,2.4667533604708685,1.3899667488557288,16.85657399421024,3.256052969181537
190,0.15936325709242283,1.3468619603663683,0.9683918219387355,-0.7356955115469788,3.2288117204337405,1.598106354060598,16.740165727849817,3.234405097752809
191,0.07315633206599159,1.3493918017484248,0.9855263929791411,-0.7373447896634657,1.4784955936188968,0.9778329864288867,16.756072428545664,3.2454094362378125
192,0.13690742807830247,1.3456717319786549,0.9728803499966228,-0.7339782854427457,2.7703034200593297,1.4572867246025596,16.723603692984938,3.2338399787008765
193,0.06180258119729842,1.3577086715959013,0.9877883144215109,-0.7477410589524323,1.2474377183542071,0.8663491750717427,16.85634074732097,3.2578032511234283
194,0.06956428023840999,1.3663983498699963,0.986239371561523,-0.7588828475539033,1.4056640119076451,0.9747518377837902,16.963799334643728,3.2696193942576643
195,0.10139587902301628,1.3616904984228313,0.9799216770971277,-0.7534562294225708,2.051023763210654,1.2303623906331156,16.911461533309385,3.2605965996772053
196,0.09209917695261538,1.3629019311629236,0.9817475946789967,-0.7543688579791838,1.864504183453236,1.1757453342304338,16.920263511066445,3.265506877079606
197,0.10882025094906567,1.3602860025130212,0.9784093736505097,-0.7511929726492073,2.2055072985738216,1.3059632354208637,16.889633226893462,3.2616833013504745
198,0.15053629681028724,1.349511536769569,0.970128574938517,-0.738607060802617,3.0514004052252517,1.5520629530875978,16.76824658462448,3.2410927425861358
199,0.07572902445826912,1.3458734462037683,0.9850101435647751,-0.7328341148589144,1.5312310646903802,1.013236240208293,16.71256857474741,3.2412901049524545
200,0.08903766095318133,1.3562891245819628,0.9823517292356353,-0.7459985092771462,1.802791144080548,1.153851048364081,16.839534475622255,3.2567042198270557
201,0.120638661137491,1.3501652679406106,0.9760737116324696,-0.7390457005931186,2.444097858403077,1.3726973844708685,16.772477109355908,3.244977567064762
202,0.11646623491651553,1.3583950218744576,0.9769113479983885,-0.7495339194639465,2.3585323408177734,1.345780414727188,16.87363224913681,3.2570503568947315
203,0.12230317062267204,1.355182193685323,0.9757659430923208,-0.7456263387088065,2.4755367685385194,1.3722687433941032,16.83594502289187,3.2517329490959646
204,0.10775700098383822,1.3584675090387464,0.9786347122248849,-0.7490064603217563,2.182488704189854,1.2920837843059858,16.868545093356207,3.2604039478391407
205,0.1434256650336465,1.3467728765681386,0.9715441958029277,-0.7348292902253939,2.906793106764686,1.5139448978684145,16.73181133136503,3.2408820633113384
206,0.1974291329506741,1.3456328306347132,0.9608731163791748,-0.734887760004302,3.996856135589396,1.7958588193137395,16.73237525158173,3.2317722772389654
207,0.09372671408607403,1.3468029955402017,0.9814777771362837,-0.7349615219331056,1.8920663555784967,1.1014767467908295,16.73308665914392,3.2408689558178185
208,0.10538443999757874,1.3462751018814743,0.9791871131008016,-0.7346690811577963,2.1260603197672903,1.1928677347977554,16.730266171903104,3.237758917063475
209,0.08910668302776514,1.3522857772186399,0.982420103984513,-0.7420707585687356,1.7958065848905214,1.0667768013313688,16.801652717353562,3.2465781579524275
210,0.041071032053372036,1.3640973856672645,0.9919165550678315,-0.7536847785732006,0.8257331911974838,0.5790867207555597,16.91366580855988,3.2728004999935627
211,0.1771598828597689,1.3505146517418325,0.9648125319371768,-0.7402297935617144,3.5944403082461736,1.7115896563531208,16.783897264791932,3.2446156232237815
212,0.13477719413640443,1.3194756745360792,0.9732435514224249,-0.7000255413381296,2.733201976938019,1.439077783715621,16.396141554928263,3.2030497421503066
213,0.09277084439236205,1.3489770647138357,0.9816162595780794,-0.7373649582543327,1.8779202149728065,1.1786781489597287,16.756266947429516,3.2480140145987275
214,0.09002919275735621,1.3642068118788302,0.98217411736551,-0.7569487977381368,1.820934400766762,1.1580530778646143,16.945146112217063,3.267897990372777
215,0.12314488277593227,1.3592351214028895,0.9756140661762457,-0.7511075036705734,2.4910511700879003,1.3797518575527237,16.888808909000492,3.258265844285488
216,0.08191031469323207,1.3624299997463822,0.9837891787021575,-0.7542001109265364,1.6559540288237822,1.0867396458253353,16.91863600577614,3.2664071653217075
217,0.12004172045317318,1.365660079754889,0.9762303860834652,-0.7590977385890318,2.4280933831471225,1.3637876406243787,16.96587188222915,3.2678321215748785
218,0.09852768305563586,1.3495153025723994,0.980500040144296,-0.7381063967211325,1.9919433131529718,1.188748004768287,16.76341785767193,3.246682049611211
219,0.11168327274128842,1.361414953134954,0.9778818886375691,-0.7534240895496891,2.2593904989542595,1.3051378632052146,16.911151555669335,3.263472908252478
220,0.09434344741748646,1.3626352031715214,0.9813117634012107,-0.7543993755479217,1.9090248494378272,1.1927128683694261,16.920557842160168,3.2670786943644283
221,0.11262466188236431,1.357130203396082,0.9776738228309344,-0.7477689013439994,2.2806446602596524,1.3242487917893795,16.856609277282583,3.257999808079004
222,0.17151239292434184,1.346895174589008,0.9660020399273455,-0.7360007412420109,3.4729306997909872,1.6656548299661897,16.743109559671645,3.236851996576786
223,0.0648102723497459,1.3541002827696502,0.9871930632186705,-0.743411228657914,1.3082433129255873,0.8875743690354463,16.814581074485783,3.2544333482950925
224,0.08405645550010377,1.3627159264869988,0.983359507125693,-0.7546684281052076,1.6998454742382276,1.1065174893424603,16.923152758358604,3.26556743273437
225,0.08749575930414721,1.3648909656330943,0.9826610471520308,-0.7569791015478433,1.7711939633806026,1.146364203596368,16.945438381680972,3.2697527109503746
226,0.12118423312313098,1.358142233453691,0.9759633625426867,-0.7491519039753658,2.455370144763261,1.3838039642040243,16.869947845653076,3.2573082033097744
227,0.1449497898847767,1.3428629678674042,0.9712923961533574,-0.7307044909281759,2.9325147303950656,1.5039451465779552,16.692029109558163,3.229137017071247
228,0.06283353424805682,1.3618039679713547,0.9875825002319363,-0.7528548327499429,1.268461874388833,0.8894562544362583,16.905661276351296,3.2649327023863792
229,0.14968975249212235,1.350737596862018,0.9703434060008177,-0.7405834966990126,3.0294551652773705,1.5486775854133972,16.787308605719787,3.2412165093451737
230,0.05883896524301235,1.3541435855440795,0.9883641144019727,-0.7423564855667006,1.1886190885066732,0.8447660794818007,16.80440845260035,3.256602783101797
231,0.16361972232425614,1.3470866596326232,0.9675010364374775,-0.7355882457478553,3.3198064832852783,1.6396985536576896,16.73913118737753,3.2396129315704103
232,0.18375345426625245,1.3335850033909082,0.9635457707417241,-0.7193249879386416,3.7238414204184878,1.7142188802313285,16.58227785153043,3.215132537874579
233,0.11674711103387381,1.342511176597327,0.9769195219872049,-0.730355648164813,2.357697358464724,1.2887417312469929,16.688664645207815,3.2307284299582246
234,0.09174349075055943,1.3524598134681582,0.98187954379639,-0.7424847976536211,1.8510254294448825,1.1108716249530488,16.805645977031126,3.2473731827408074
235,0.07069569722403912,1.3520306115970016,0.9860415745394342,-0.7410899186130264,1.425869205068392,0.9184872435141755,16.79219286491871,3.249753199532628
236,0.08718707805019221,1.364162616431713,0.982733299622667,-0.7563675442044175,1.763813290455758,1.1380797861212777,16.939540128667744,3.2688951450794934
237,0.10731901898816432,1.3535726554691792,0.9787326141061706,-0.7433185768106725,2.1724879144848885,1.2811295725646854,16.813687480380427,3.2524179000914097
238,0.16604557948994625,1.3432777901180089,0.967097740526978,-0.7314852205785112,3.3610036241043546,1.6376838207774127,16.699558969287768,3.230975137147307
239,0.08908072711597015,1.3478084774687886,0.9823901590228755,-0.7362322573050992,1.7988654971415126,1.0896706955384656,16.745342449737315,3.243056273418665
240,0.06251135876163971,1.3663942446000874,0.9876654650328447,-0.7594085477542702,1.2599869246135775,0.871172032486928,16.9688695260562,3.269994299152494
241,0.09321621181152295,1.3511513695120811,0.9815730344447694,-0.7403834278658594,1.8823357120248092,1.1407669295493614,16.785379012999357,3.2466228393137455
242,0.08415189994957473,1.372782670892775,0.9833420690836909,-0.7672029761049093,1.701626790272603,1.1115051341555646,17.04404401459725,3.2804677878916264
243,0.10800370658125757,1.349427618086338,0.9785989884730242,-0.7378926749913748,2.186137926504482,1.2759578923724288,16.761356587620824,3.24615752299726
244,0.09681265521794558,1.3585636890493333,0.9808246816225394,-0.7494881879617945,1.9587808129968558,1.2046138935506512,16.873191185067732,3.2599765561789273
245,0.10357719483272376,1.3526887116022408,0.9794766931661877,-0.7421613770893198,2.0964793832352897,1.2531114877233256,16.802526700746675,3.2512570859253405
246,0.10323674811297678,1.3555987691506743,0.9795456676634721,-0.7459909161132676,2.0894335590561472,1.2531896970603607,16.839461242257943,3.255029215267301
247,0.11024241346740382,1.3581130607053638,0.9781586978747354,-0.7493472985379415,2.2311141172041116,1.3002722385750676,16.87183235669668,3.2577293416947124
248,0.13737719926939462,1.3482666448689997,0.9728137542372686,-0.7376626887265336,2.7771062534247033,1.4631901736320376,16.759138451915017,3.23860236093998
249,0.06299438764426668,1.361942985560745,0.9875606087229502,-0.7535287397019126,1.2706981171945748,0.875803676192469,16.9121608691578,3.26402473282814
250,0.07588061164324245,1.3665010374970734,0.9850015092342407,-0.7595677070477556,1.5321130714790625,1.0181075943749864,16.97040456082027,3.269024467393756
251,0.05360920310704387,1.3776376252062619,0.9894082691707785,-0.7723431373510257,1.0819574786874488,0.8146030463534468,17.093619041181938,3.287839174309373
252,0.11108360206708312,1.3540976983495057,0.9779651568660783,-0.7436090417769035,2.2508845537008186,1.3146301659464923,16.816488911645582,3.2518865616381167
253,0.1675079823417036,1.3451538509689271,0.9667888691769693,-0.7337018383118281,3.3925551875345903,1.653244441163448,16.720937458754474,3.2322319311112166
254,0.11891949676396507,1.3355804500170052,0.9764432924176935,-0.7206859243027712,2.4063447563841915,1.310900167033135,16.595403598603593,3.224140444120765
255,0.11624850398675335,1.3506645332090557,0.9769740263649945,-0.7400854571077942,2.352129673624398,1.321665533132338,16.782505191042176,3.2458478338718413
256,0.11651656506739982,1.3390784990042448,0.9769322732699599,-0.72532379190492,2.356394800274566,1.2912983545694636,16.640134181685298,3.228953254023194
257,0.09074933176270861,1.356046421919018,0.982034373784651,-0.7463958535125423,1.835209368177352,1.1475647072137485,16.843366719415755,3.2560803209722042
258,0.09051326202279597,1.3477029097266495,0.9820775756003938,-0.7356779375131184,1.8307962530416444,1.1361175984142864,16.73999623254527,3.2439243797928095
259,0.088282842800254,1.3532403795979917,0.982514195233902,-0.7425951190756142,1.7861950556138575,1.136933938115889,16.80670998789894,3.2523914100140336
260,0.11276993380926115,1.3500726162455976,0.977661099070391,-0.7393853831048092,2.2819444070242656,1.3033281711136102,16.775753226337674,3.2445331854343413
261,0.08173324548806704,1.35619385400787,0.9838297572600042,-0.7466745659123011,1.6518088824974215,1.0702314527700476,16.846054801358314,3.2548197597831487
262,0.06460867540954496,1.3718909807503223,0.987218563240839,-0.7656906606304466,1.3056384563505141,0.9412786507271403,17.029458269858686,3.279788864207268
263,0.1014455964541412,1.3493512710556388,0.979886262286264,-0.737840185661214,2.054641426847327,1.2437404740920783,16.760850346704725,3.2451670744955536
264,0.14804011936757888,1.3489629542455077,0.9706679473102829,-0.7385715320026021,2.996302897477085,1.5434464321208534,16.76790392198786,3.2387204064011574
265,0.0755958758527413,1.3498753015883267,0.9850487805209842,-0.738435870841146,1.5272842552030368,0.9979821704675836,16.766595518347646,3.246171578755975
266,0.05821892443418619,1.3699358836747706,0.9884977543323837,-0.7634370746692121,1.174967616005061,0.8609463697260735,17.00772323498532,3.275985049417615
267,0.07990328057712759,1.3603451075032353,0.9841698798903594,-0.7512279202190968,1.6170649648585504,1.0819475309727096,16.889970283772303,3.262436769962311
268,0.11918801035403703,1.3542091860435903,0.9763723544283859,-0.7443723961229953,2.4135911535304087,1.3590523252054367,16.823851192747103,3.2492582831650973
269,0.0836330087083752,1.3506784560158849,0.9834512952015536,-0.7395019052351719,1.6904692167848434,1.0721550578195118,16.77687704083178,3.245052587583661
270,0.05579583238795749,1.3686126982793212,0.9889796486299743,-0.7615704138268411,1.1257415596010936,0.8295381240768225,16.98971995523314,3.2726581612944603
271,0.059806044431752525,1.3761191559024155,0.9881672936192463,-0.7703756099904828,1.2087245576944354,0.8948898284707193,17.074642939745683,3.285344018509984
272,0.10011395647052268,1.3615437136031687,0.9801396669601677,-0.752792793204506,2.0287558481364223,1.242435126680083,16.905062927006387,3.2623910651654007
273,0.09707782264740672,1.3609776543453336,0.9807491381806969,-0.7520635798542943,1.966497662413188,1.2177680798565473,16.898029923664332,3.2615716173857447
274,0.12692691180473048,1.3541720993816853,0.9748202485686656,-0.7442034337474273,2.572140551142174,1.4111554449923926,16.822221610743828,3.2477839264392854
275,0.11257081969324645,1.3448306312784553,0.9777125886517564,-0.7324968716357199,2.276684687103987,1.2842743132836452,16.709315983835403,3.233753814691305
276,0.059558329051924375,1.360045833978802,0.9882337910511286,-0.7506371546634576,1.2019317685933248,0.8426242692984139,16.88427256015551,3.2603725895464417
277,0.056917337145932834,1.371637291740626,0.9887565521002327,-0.7652181374040055,1.1485311265486624,0.8408976708510068,17.0249009514418,3.276582243174315
278,0.06207305451971479,1.372188966255635,0.9877182303672676,-0.7653473367900467,1.2545968850520675,0.9143390030228227,17.02614703355694,3.279027156242728
279,0.11105411376587426,1.348242819774896,0.9779882041352325,-0.7364095590701603,2.248530248665436,1.2953880245596736,16.747052462185476,3.239255612337589
280,0.10055746681206301,1.345493758097291,0.9800833637899626,-0.7327900656880006,2.0345072816895913,1.207106991935788,16.712143736164627,3.236654800722003
281,0.08851738359226147,1.3566508893854916,0.9824555231774448,-0.7464406983121858,1.7921884736205573,1.1486828605649133,16.84379923155459,3.256153799319267
282,0.09986572942216299,1.3576837740838528,0.9801977109726474,-0.7481246151829566,2.0228265855439327,1.2357545805276016,16.860040010712623,3.2562995361834766
283,0.12631035982258254,1.352851813659072,0.9749683115136796,-0.7428578770080572,2.5570157511205873,1.4014096868147292,16.809244194680105,3.244993518775701
284,0.0703053611850919,1.3566811005584896,0.9861031813276645,-0.7467439033957097,1.4195760008378109,0.9524854812956476,16.846723536718688,3.2545819419890645
285,0.05763462052163959,1.3697185353375971,0.9886162578190112,-0.7628640140968004,1.1628623486342824,0.8451741330044326,17.00219626963313,3.2739760625511405
286,0.07011293310006295,1.367973308544606,0.9861285364630531,-0.7606892380041126,1.416985944613846,0.9795225410326651,16.98122132790495,3.2707020688802
287,0.06585910694775521,1.3675124342553318,0.9869624816231908,-0.7594096728190864,1.331797487941884,0.9498220374644664,16.968880376906103,3.272122098565102
288,0.09886180073226569,1.3614252866245806,0.9803893242699931,-0.752464705816055,2.003253066973471,1.2298199594292143,16.901898640863255,3.261260582339764
289,0.12862263587908274,1.3567014769650996,0.9744837856288842,-0.7474525020162364,2.6065106271823755,1.4221673791731009,16.853557718326712,3.250151495742798
290,0.08671620375071143,1.3425479927100241,0.9828272881347124,-0.7287309857111341,1.7542122559168423,1.0902383369660522,16.672995353822625,3.2328919859707357
291,0.05978040387708461,1.3648495874367654,0.9881703461403096,-0.7555220991205598,1.2084127391591408,0.8937098686551539,16.931386111604603,3.2708616922289133
292,0.15039901693717184,1.344749704003334,0.970165960132518,-0.7327305975494496,3.0475814646862895,1.5540311701395644,16.711570187124344,3.2307933776497837
293,0.08916520173420395,1.3423343328759074,0.9823567122693385,-0.728880670405841,1.8022821214601072,1.096017296706829,16.674439009452108,3.231717095899582
294,0.04761129246071505,1.3742399495095015,0.990604802040648,-0.768113677556185,0.9597302706961881,0.7286780513403579,17.052827406108914,3.2816580518007274
295,0.09275008675388108,1.3605679734610021,0.9816206796847149,-0.7514739378578461,1.877468695999376,1.1731324647554457,16.892343036376225,3.260033343473077
296,0.09620520996350024,1.360787155572325,0.9809267467399252,-0.7515210919736999,1.9483547439389157,1.2060067658589146,16.892797821048358,3.261865678995848
297,0.10342227010505667,1.3583229733631015,0.9794931669639869,-0.7485406712531224,2.0947965658545717,1.256625606054482,16.864052723495668,3.2583809765011074
298,0.10014900520269521,1.3542137201875448,0.9801590987214617,-0.7436740542458691,2.0267708713847488,1.2172379341068518,16.817115933780297,3.2519377013385293
299,0.0897745670798713,1.3626609169878066,0.9822310954940109,-0.7543878541725968,1.8151140194478654,1.1358418591421837,16.920446722593937,3.26459717156589
300,0.06771370358183049,1.3653035406023264,0.9866036552716941,-0.7571176232338483,1.3684520121940342,0.9597550626109786,16.94677437406282,3.270268356782198
301,0.10459945262323345,1.358196733519435,0.9792713281267459,-0.7488640297676996,2.1174576580675746,1.2573088252988238,16.867171401332605,3.257754566138983
302,0.07109731886157533,1.3580301636829972,0.9859236001579167,-0.7478978597950414,1.4379204237440275,0.9964397086596747,16.85785303566537,3.26041314881742
303,0.0968292410725553,1.3595630307681859,0.9808119910682057,-0.7507269770867218,1.960077167708992,1.2072316235626217,16.885138865473184,3.259736361661553
304,0.08683034354908159,1.3622887833043933,0.9827888758230189,-0.7536874936905551,1.7581361177087118,1.144960979716054,16.91369199490085,3.2657668281525374
305,0.14821668815875455,1.3457980332896113,0.9706154032099401,-0.7343104278724739,3.0016703377230103,1.5385369205539823,16.726807088558594,3.234237242540717
306,0.10629965171074218,1.340481223538518,0.978968159379496,-0.7270942945770629,2.1484266940712446,1.2187818142389357,16.6572100500943,3.2295387909561395
307,0.05606743836415262,1.3677161484956741,0.9889285533269253,-0.7605557472315869,1.1309610035381623,0.8226813498217544,16.97993385689385,3.2726825668066737
308,0.0719169073017838,1.36619106028229,0.9857663183662565,-0.7585797012307285,1.4539869395469638,1.0064800692378735,16.960875596202296,3.2705555461615323
309,0.10048909488102709,1.3538112887181342,0.9800908717303503,-0.7434908755253928,2.033740336949116,1.2234121721175084,16.815349240187906,3.2505825167298315
310,0.10537601437192734,1.3447185810655355,0.9791195550631001,-0.7321490234810089,2.1329614509719237,1.247045885076461,16.705961112131668,3.236573365610838
311,0.062392975360126,1.3612033883109689,0.9876636714622811,-0.752209586453426,1.2601701399082321,0.9008648271722448,16.899438105370493,3.263646205279231
312,0.10324163380977325,1.352278001140803,0.9795545183539311,-0.7420007311040895,2.0885294508524797,1.2391015550695845,16.80097732736962,3.2460178494900465
313,0.06421562680407078,1.3620835966430604,0.9872982298621062,-0.7533069952956699,1.2975004194166477,0.9280337653369353,16.910022223246095,3.2645086690545084
314,0.08500403257858125,1.3539756848476827,0.9831628762422783,-0.7435686783537976,1.719931544993023,1.111568563690399,16.81609962078919,3.2512590771466496
315,0.10855451236943736,1.3473215717822313,0.9785013817272292,-0.7357934872603165,2.196108567779825,1.2756573946251233,16.741110668749684,3.238353037196398
316,0.06101263674281654,1.3496353491209447,0.9879343803667423,-0.7372158656645627,1.2325169141558308,0.8728374689279541,16.754829002441504,3.2477444865345957
317,0.10615559620782733,1.3612895561382174,0.9789346166229748,-0.752816153032053,2.1518531252050366,1.2917680701045091,16.905288224232724,3.263316785460711
318,0.12479875289250231,1.3574506626464427,0.9752815201720088,-0.7491394332733052,2.525021126659969,1.3976259145316798,16.86982757016821,3.2522807727336884
319,0.0651383884542156,1.3557273750193417,0.9871258571857666,-0.7456511130921013,1.3151084864355371,0.9125340064361279,16.83618396300516,3.25472785000205
320,0.07973250232726059,1.3626150898635387,0.9842208344056494,-0.7545901448269863,1.61185990255288,1.0661955412366158,16.92239774398977,3.263303444093466
321,0.0763429030412226,1.358853225596249,0.9848919405572069,-0.7495540543795296,1.5433056377798884,1.0350952866032097,16.87382644323453,3.2588833066016436
322,0.0755469971918501,1.3648901293054223,0.9850389866507058,-0.7568076855816113,1.5282847103093786,1.0434528799242722,16.943785135668623,3.2691524698525667
323,0.12029675907012916,1.3576097437180579,0.9761646192810176,-0.74897461000707,2.4348115376116644,1.3684612338314053,16.868237908401944,3.252762902984023
324,0.06571001293195877,1.3546124682761729,0.9870077601478211,-0.7439375169007889,1.3271722346062815,0.9216289057122893,16.819656937359042,3.252995159444213
325,0.06980457557801856,1.3647107812575996,0.9861797546526879,-0.7564638024195893,1.411753947670776,0.9914940591058483,16.94046850490881,3.268326926061511
326,0.09110533391776698,1.365080364048481,0.9819489259480444,-0.7576747405718258,1.84393796290326,1.166962956072072,16.95214757259076,3.266500639349222
327,0.12558328725208412,1.351807648781687,0.9751292843710035,-0.7416878267646321,2.5405721887174684,1.4051805333799918,16.797959476332593,3.2425652912884946
328,0.046671973910633824,1.3592889425344765,0.9907885817648706,-0.7479856213690064,0.9409569606244148,0.7148218773116758,16.858699464824713,3.2646735388725996
329,0.14794778576833778,1.3511357665993273,0.9706055276007901,-0.7405882138697015,3.0026791425490407,1.5574558284757565,16.78735410115293,3.2456623055040836
330,0.13861922621981648,1.330895240418613,0.9724723387939486,-0.7146373702003055,2.8119822333939477,1.4792761920083621,16.53706744608402,3.216680453881621
331,0.12275110446768167,1.347962107975036,0.9756834422738448,-0.7369678318144877,2.4839643219749847,1.3669467147033143,16.752436804196623,3.2386774943828582
332,0.07753306769154733,1.3590636583976448,0.9846494939901913,-0.749898339058487,1.5680718332765566,1.053645365216727,16.877146946482345,3.2601823230683804
333,0.11796389885864755,1.364314503967762,0.9766302402384588,-0.7573591314483001,2.387247821609058,1.3563347161511585,16.949103634873637,3.264367891636491
334,0.069939592769515,1.3588061914779246,0.9861658404710105,-0.7491710176779429,1.4131752973225475,0.9637340287354685,16.870132190514653,3.261034236040712
335,0.07436697571756667,1.357663070783019,0.9852762244236826,-0.7477833328887376,1.5040505991109312,1.025230196441383,16.8567484643975,3.2592085573554037
336,0.10107067390538305,1.3611174989491701,0.9799795518141023,-0.7529135769687383,2.0451117943486006,1.2334580695173818,16.906227843443077,3.261415845748782
337,0.06700363285199273,1.363084115087986,0.9867405208247974,-0.7543738674323566,1.3544710386267866,0.9603958216666342,16.92031182546016,3.267726093786955
338,0.11473682554333209,1.3624114985577762,0.9772509778919777,-0.7545188970602097,2.3238387568059125,1.3382934990077486,16.921710584625902,3.263417221355438
339,0.07426889534690417,1.3595961476676166,0.9852930745134078,-0.7500125585190767,1.5023293430774518,1.028708034895176,16.878248552545674,3.262690685144067
340,0.10801202956884026,1.3581398236565292,0.9785959951228146,-0.7491578537861243,2.1864437006690465,1.2831772849502638,16.870005229461174,3.2572061256498097
341,0.11177522952465324,1.3317559389397502,0.9778465885829466,-0.7155152778806682,2.262996440108984,1.2638004290719873,16.545534553341746,3.219905472573638
342,0.10076504068456416,1.3585417759604752,0.9800336474504396,-0.7496361061273153,2.0395858629174457,1.2357215370199395,16.874617803151665,3.259585701167583
343,0.07826907906201086,1.35854586167261,0.9845100558689965,-0.7493905965143925,1.5823155976313465,1.051457853637177,16.87224995027611,3.260648876148462
344,0.09169452508103859,1.3649218659847975,0.9818424313914597,-0.7577867066764914,1.8548165042667233,1.1697595510650307,16.953227445837843,3.2686615518033504
345,0.1008289497875694,1.3555655949749053,0.9800329468931165,-0.7460413243151991,2.0396574256532514,1.2226556335740322,16.839947411432643,3.2543169673591854
346,0.08098675650035148,1.3477995176799595,0.9839660586398179,-0.735625632259767,1.637885539880182,1.0635864936628263,16.73949176698451,3.245098817551136
347,0.09440355283368262,1.360341816674918,0.9813018725741047,-0.75195107565587,1.9100352087955499,1.1878454715730051,16.896944860694376,3.2616736119121312
348,0.09644930418380682,1.35281829116866,0.9808945426474163,-0.7424272314641158,1.951644429005135,1.196750895026747,16.805090771612765,3.250639012953639
349,0.08645516662863884,1.360551037825644,0.9828929354659489,-0.7523035152754625,1.7475063055738422,1.115150709687957,16.900344015443455,3.2610291178524493
350,0.06284777625478455,1.3702195510268211,0.9875767123803354,-0.7637478314593995,1.269053110082608,0.913429833818757,17.010720373673635,3.276464727726579
351,0.09529388453802312,1.3591765789315104,0.9811241267105326,-0.7502043014540323,1.928192153066358,1.190729245068851,16.88009784493996,3.2591442357450724
352,0.08407184446514293,1.3492746711708605,0.9833522230157081,-0.7374319843440551,1.7005895544457805,1.092937439173058,16.756913390220074,3.2453571750730275
353,0.07964540005559684,1.3541617975570261,0.9842292666977756,-0.7435276175608374,1.6109985342198472,1.0664435705790771,16.815703604048636,3.252831655561924
354,0.0999001698282882,1.3578116879798472,0.9802127295391698,-0.7488816140119421,2.021292421710839,1.2219686216966688,16.867340995112656,3.254905898964405
355,0.06752697465708479,1.3626469518058002,0.9866425864792353,-0.7542068421503856,1.3644751445948973,0.9572188518092506,16.918700926035502,3.264537233611941
356,0.07428271209573722,1.3646340942941606,0.9852954819968831,-0.7567568585202704,1.502083415873202,1.025967073533073,16.94329492674393,3.266690640902519
357,0.07692799752112478,1.3664499036967754,0.9847673424517921,-0.7589620956601815,1.5560334774651507,1.051120727386968,16.964563654435935,3.269141957950592
358,0.09633611784443019,1.3599370010197163,0.9809174587603453,-0.751177143777733,1.9493035217289088,1.195834946980194,16.889480563059283,3.2577575241297483
359,0.12879631846726625,1.3502634968608618,0.9744664160557786,-0.7395436062655087,2.6082849490402626,1.4215248462632275,16.77727923243406,3.2410343773335217
360,0.08578170224893711,1.3515708134509623,0.9830375832438798,-0.7406848331124756,1.732730368795311,1.0770669426586645,16.78828595937678,3.2459681687861677
361,0.07633195497646739,1.353452323935926,0.9849162002158922,-0.7428997928480197,1.5408274857603348,0.9912785887226362,16.809648458044805,3.248690415659547
362,0.06679060498311173,1.3586681908927858,0.9868079406782129,-0.749297617650931,1.3475840231058103,0.9058303302780044,16.871353202215644,3.256507376244664
363,0.06870592885286442,1.3536808607168496,0.9864234917893507,-0.7429383541264951,1.3868559190012224,0.922402684123535,16.810020367857366,3.248979921540618
364,0.07483191856988469,1.3530913437716663,0.9852008552403679,-0.7421440312473857,1.5117496478183285,0.991656515117059,16.80235940627208,3.2484365242093802
365,0.05953332213903195,1.3676589676178992,0.9882293296742288,-0.7601116063131388,1.202387503371693,0.879551592325216,16.975650275740428,3.271432913339138
366,0.06250440689291281,1.3656240478157997,0.9876384029062665,-0.7575928698404839,1.2627513519496267,0.908212722229529,16.951357958512826,3.2683153675496577
367,0.07203140556612198,1.3563089007511735,0.9857368655133288,-0.7459194762369616,1.4569955823275944,1.0004481260729685,16.83877223006601,3.2545342880666253
368,0.0753968593380705,1.3424174031242728,0.9850615512867821,-0.728070993174041,1.5259797067976522,1.0202915626007971,16.666629960597497,3.2359689403146508
369,0.10619057138319477,1.3478706292808056,0.9789192065851,-0.7357321578850506,2.1534272782867436,1.2883083643128408,16.74051916874343,3.242188501033187
370,0.09221512133444776,1.3275064998306334,0.9817102879457746,-0.7097791077788886,1.8683151091334511,1.1430466694896408,16.49021123337686,3.212297741186619
371,0.07109009200576111,1.3551575196906924,0.9859189742503833,-0.7449697686068564,1.438392965515728,1.0056293805111647,16.829612637836153,3.2529362204819914
372,0.06680438230978325,1.3656080295331776,0.9867756628013242,-0.7581658134541946,1.3508812453312244,0.9677922864459019,16.956883795839953,3.2683793162822723
373,0.07544694807438646,1.3654414634220302,0.9850526586742586,-0.7579253716058367,1.5268880973883776,1.048666454761917,16.954564819750743,3.268204455032945
374,0.09107904265192701,1.3584994948469102,0.9819482582423616,-0.7493772559844483,1.8440061698062413,1.1680828924496054,16.872121285610746,3.2570238566011187
375,0.09497059000932495,1.3591484678909183,0.9811665501156314,-0.7501147188832731,1.9238585534726649,1.2063376475004768,16.879233852914368,3.259146861165762
376,0.09047582486527972,1.3608922651037574,0.9820673448344942,-0.7523505580721717,1.831841337537869,1.1683901251264766,16.900797726482043,3.2618582780569794
377,0.09441482823967817,1.3602357897907495,0.9812877929006073,-0.7515951466702724,1.9114734636269481,1.1945680089918291,16.893512052251527,3.260445527333021
378,0.12422591315294085,1.3580113253556192,0.9753887156055181,-0.7495100919704256,2.5140709899130504,1.3960254840682098,16.873402441438532,3.253837232467532
379,0.07016764530999353,1.3618016839027405,0.9861102087238647,-0.7527847287799221,1.418858144238443,0.9908459109526739,16.90498514850023,3.265674900883436
380,0.10228726552304579,1.3538471232168376,0.9797193657550972,-0.7434214500145064,2.0716900993423613,1.2520712482303336,16.814679655833828,3.252123985043168
381,0.11658903521151842,1.3506563706323504,0.9769032879555427,-0.7400622752132984,2.3593556834589475,1.3312862119136333,16.782281609916822,3.2449529989361765
382,0.08099673151809839,1.3566112355329096,0.9839626690304595,-0.7466931701351112,1.6382317923722725,1.0792931053059114,16.846234232468788,3.2576944480389356
383,0.06512695541641733,1.3653024518862367,0.9871122276050801,-0.7572136745961302,1.3165007637689519,0.9444011967061953,16.94770075528135,3.2711712673246858
384,0.0950079611975525,1.3541489881463349,0.9811657823791005,-0.7437998803288672,1.9239369786417582,1.2009479311170206,16.818329481587654,3.252866612920165
385,0.10185909352367162,1.3598090820014477,0.9798100683154378,-0.7512146020966364,2.0624247285470645,1.2492082974969319,16.889841835219148,3.259773395302892
386,0.10091012399902866,1.3575826077722013,0.9800157340916964,-0.7485114033324971,2.041415733103267,1.226668034207653,16.863770444813422,3.255973568618298
387,0.09704101878969595,1.3600227036513388,0.9807878093438775,-0.751508874149992,1.962547358644374,1.197306111319438,16.892679984485238,3.260110188058019
388,0.09944369792037833,1.3564531663432717,0.9803106978690804,-0.7469298367987243,2.0112848442024585,1.210502091092936,16.84851679824417,3.2550578893184663
389,0.09340209989841242,1.3522955644875765,0.981504634249876,-0.7414441762181323,1.8893228705545961,1.1651314588440544,16.795609553491314,3.249837496644259
390,0.08754788682199433,1.3539494769647717,0.9826612835556121,-0.7433258147676942,1.7711698144830383,1.1283884483685607,16.813757287900966,3.252930365103483
391,0.08729357219635858,1.3550694999285042,0.9827064019764956,-0.7446392179472556,1.7665609159292,1.1336440822039655,16.8264245943191,3.2548274097621444
392,0.12019833926296997,1.3556909593753517,0.9761982690697081,-0.746642186545476,2.4313741730187646,1.3611098639237986,16.845742513884385,3.2499461257874964
393,0.060889085262715525,1.3560788873583078,0.9879702311540532,-0.745767533476785,1.2288547150239517,0.8564462125291481,16.837306796198387,3.2551643432348967
394,0.07437154782746802,1.361734696663916,0.9852757429391226,-0.7529337597375241,1.504099783312171,1.0275442201671177,16.906422499067908,3.263374176627398
395,0.10152354196804936,1.3525210693478584,0.9798861612571135,-0.7419316886936884,2.0546517470911856,1.2293546655370375,16.80031143788343,3.247118465051055
396,0.07863893354840457,1.354739029891789,0.9844536323895798,-0.7445464078864492,1.588079320908755,1.0275473138294429,16.825529474300193,3.2502246293336157
397,0.07208049260498228,1.3511854708194733,0.9857602566763904,-0.7399177219534876,1.4546061481342845,0.9552438387143093,16.78088744515138,3.24509385266006
398,0.057727469438759726,1.3570165755227208,0.988595397932348,-0.7466345568181314,1.164993210033971,0.829062802492235,16.845668927878453,3.255691122865677
399,0.09229040939817423,1.3586805928498507,0.9817139036517123,-0.7493404527561425,1.8679457606159142,1.1691164323563779,16.87176633156664,3.256756983202696
400,0.07003866756349453,1.348095836583525,0.9861333725919191,-0.7350599759719567,1.416491928491373,0.970924397926847,16.734036213323197,3.2446539481103422
401,0.10611118261476804,1.3570567136630416,0.9789421212341027,-0.7470505112258148,2.151086520552264,1.286935240969441,16.84968066016302,3.2564401367127895
402,0.10550403447359713,1.3594325948506594,0.9791009340962473,-0.7508277383427067,2.134863604139488,1.2626785418527053,16.886110671940916,3.2572946238756177
403,0.06810759732798033,1.3578618844039738,0.9865287262025424,-0.7480365900824684,1.3761061027338077,0.9510801984548125,16.859191039933716,3.257340674880147
404,0.08090068165074626,1.357472070492804,0.9839814072281838,-0.74761617197951,1.6363176639364394,1.0725153970920873,16.855136256896202,3.2565290437549357
405,0.0697916751705634,1.356556829996407,0.9861831390210322,-0.7461122552137978,1.4114082305543167,0.9830098656556093,16.84063151471566,3.2565960668832066
406,0.07949041169922566,1.3626371454447508,0.9842530700765973,-0.7540921523800861,1.608566991712811,1.0765311600529008,16.917594784002336,3.26444535420537
407,0.08173065998016682,1.3683123402297497,0.983820503004845,-0.7617254212362787,1.6527542152990846,1.0869396630495685,16.991214946552628,3.2714282876908785
408,0.08488544117790298,1.361464539077133,0.98318403490355,-0.7526899680703671,1.7177701634236544,1.1166685741037017,16.904071215168095,3.262502652043104
409,0.1225048659271124,1.3482353938743472,0.9757334531881594,-0.7368680635552594,2.4788556495935623,1.3718393858928981,16.751474574829345,3.238726138758659
410,0.09809808776071804,1.34254190325737,0.9805877961660682,-0.7292961501387432,1.982978934659302,1.164755442038737,16.678446163667278,3.2323953348726038
411,0.06413070068447269,1.3629590012133121,0.9873166468825625,-0.7541920675366096,1.295619099607907,0.9204278767336421,16.918558430141765,3.266472428509593
412,0.08030824695379124,1.35072292201221,0.9840895879374896,-0.7388507697664812,1.6252668801344048,1.0737076110767712,16.77059707088046,3.2486572503596545
413,0.13531638631548049,1.342555551789701,0.9731604518518165,-0.7296165153133305,2.741690693593031,1.4533785099935919,16.681535971804905,3.231992275467515
414,0.1628813331044512,1.3385910796932876,0.9676942845379048,-0.7252072693562823,3.300065967700931,1.6122068698829137,16.639010363157077,3.2236872562527656
415,0.09738297936701201,1.3564795460551977,0.9807451347812204,-0.7474991541909826,1.9669066142713507,1.171027917346016,16.85400766195543,3.252725386747718
416,0.0658794535907532,1.3682359978556633,0.986994220432382,-0.7617466695484951,1.3285553321013672,0.897683696987224,16.991419878964777,3.271494236373901
417,0.09695995545098413,1.3445133212953806,0.9808133569713574,-0.7318098591548863,1.9599376391320324,1.154947720423966,16.70268999286536,3.236807700562477
418,0.05101152814967236,1.3637942839413881,0.9899308168814578,-0.7553463260282789,1.0285786294081019,0.74827507435452,16.929690842661575,3.2670023066967726
419,0.08114176593267075,1.353831180371344,0.9839432605753062,-0.7432979057507141,1.6402143883748956,1.0581605601460193,16.813488115360943,3.2508491825103762
420,0.04492113455103208,1.3680391921661794,0.9911388422119525,-0.7604531163775605,0.9051774533541751,0.6902827720568655,16.978944018818126,3.273101016071439
421,0.05834238967509009,1.3673082711175084,0.9884625346205366,-0.7597500002374844,1.1785653500529496,0.877162874942619,16.972162713783632,3.2719988435536624
422,0.0637725033411698,1.3688706276006997,0.9873796642996703,-0.7617504765387055,1.2891817980160716,0.9353124273475347,16.991456596031004,3.2737055205941203
423,0.07831768170444775,1.372783965896815,0.9844944707028772,-0.7672566167131338,1.5839076402645351,1.0620248445265839,17.044561359180705,3.277655095005035
424,0.07739489875166328,1.3607656438834965,0.9846710452993088,-0.7516288212641389,1.565870342278427,1.0549881367042944,16.89383683172949,3.2616968031138187
425,0.08433262647213269,1.3537735426798463,0.9832886206923666,-0.7428684293757977,1.7070866048817155,1.110907165425617,16.80934596851291,3.2515937302947044
426,0.08890405782585731,1.3539750087074935,0.9823758853832079,-0.7432466743771113,1.8003235658401469,1.1528712405307204,16.812994006988323,3.2520495455056424
427,0.10945119449684171,1.3499870733357966,0.9782919916508082,-0.738738592312314,2.217498004766054,1.2968139005986936,16.76951515924262,3.2440709495037794
428,0.09815363483278361,1.344141012057662,0.9805666073438771,-0.7315313447890459,1.9851433972012402,1.1831573154698913,16.700003820889496,3.2344721861422063
429,0.04662095858475368,1.3668983224779367,0.990799152649113,-0.7590410869508237,0.9398771326485378,0.7153384208165204,16.965325497332692,3.2718057375311855
430,0.06888311729198904,1.3621417433023453,0.9863601523106565,-0.7532836288684723,1.3933261195543019,0.985591970379059,16.90979686236848,3.2646288174778224
431,0.0875954888160777,1.364253202918917,0.9826330983639435,-0.7562361753578102,1.7740489642089707,1.1498293282146954,16.93827312287724,3.266965137574077
432,0.10642526208278014,1.3539890022948384,0.9789089706474764,-0.7438193075887267,2.1544728910805118,1.2685962763414411,16.818516850597668,3.2501934543937443
433,0.07153365237900289,1.3607557974755764,0.9858391117974705,-0.7515293226832949,1.4465510068772922,1.0017188991336505,16.89287720331429,3.263389786988497
434,0.08356652541806397,1.3549123513512313,0.9834470187524029,-0.7444799549203482,1.6909060609810747,1.1016963584210369,16.824888559083075,3.2537373609781266
435,0.10989713155413483,1.3509571650065482,0.9782266974657251,-0.7401853393974136,2.2241678808235648,1.2881335913621754,16.78346852019201,3.245357405567169
436,0.1137260976320249,1.3481043437495828,0.977486354529603,-0.7367651178972214,2.299794762722864,1.3039946615088789,16.75048170058092,3.2404708537876603
437,0.09172022500661114,1.3439023215323687,0.9818703006168539,-0.7311789091808112,1.8519696308589095,1.107290494328619,16.696604704828527,3.234780439463258
438,0.08086302038759641,1.3469763579778373,0.9840094661842752,-0.7345851143091318,1.6334514093198191,1.0283617718230211,16.729456341519295,3.241821125420928
439,0.09639424249246531,1.3591666566208005,0.9809113140271034,-0.7502725684691529,1.9499312132925193,1.1955685235284546,16.88075625601452,3.25942825230062
440,0.07544023230366292,1.3570282007567585,0.9850669937654558,-0.7470202228262415,1.5254237513453615,1.0303213676487524,16.84938853932436,3.2583147363096474
441,0.11993145660602522,1.3442815174348652,0.9762393752411382,-0.7317883371755345,2.427175130358397,1.3484225364532927,16.702482421031046,3.236082990685105
442,0.14043009182523747,1.3425520551390946,0.9721721272405726,-0.7301369955867911,2.842649188644304,1.4815049864753114,16.686555818879373,3.231029456657171
443,0.08970353955186283,1.3462847149930894,0.9822641534042917,-0.7343186523879845,1.8117371159148234,1.0854652216774308,16.726886411084788,3.2397236302495003
444,0.05083172934655522,1.354871345218271,0.989957009845233,-0.7435835439412244,1.025902988051408,0.75326283790998,16.81624299409142,3.2573290674716238
445,0.12038803765426564,1.3477959386073053,0.9761079643536396,-0.7363061474616168,2.4405989035643576,1.3825760439114254,16.746055094010188,3.2431223196208476
446,0.1295621461091514,1.3429150064475834,0.9743055079650429,-0.7306475592885935,2.624721895461947,1.4212095389433117,16.69148002414806,3.233213544911146
447,0.11503586807361899,1.3404995827004313,0.9772327522020318,-0.7277795613470144,2.3257005319830917,1.2963540471677208,16.66381920430393,3.2288917737692593
448,0.05682762178730627,1.3651154986582696,0.9887823949360586,-0.7578193443949743,1.1458912511644415,0.8272316766588549,16.953542225021607,3.2689532607167964
449,0.0631610169148189,1.3687293245457113,0.9875113031981105,-0.7620142563833692,1.2757347332303313,0.9237392374382315,16.99400065879199,3.2749078352391723
450,0.07927344984273077,1.3657564842142165,0.984295992500468,-0.7582238752613482,1.604182416777992,1.0823521666779465,16.957443781314215,3.2706296116292477
451,0.09881646965914115,1.3537125261500478,0.9804167448694961,-0.7434101498988006,2.0004520212161045,1.220756609293082,16.81457067023791,3.251804111143947
452,0.11305561347182902,1.3454357725568116,0.977602923756917,-0.7333806010535426,2.2878870821642496,1.302955898524015,16.717839239679826,3.2378525374263525
453,0.058632794538425514,1.3598414016887546,0.9884147802842507,-0.7506183823958226,1.1834435103949468,0.8504942658021684,16.88409150831248,3.262080598565936
454,0.07441458268658607,1.3637721561826766,0.9852658671894677,-0.7556115662540193,1.5051086024909215,1.0344291005441173,16.93224899027851,3.2676675010383134
455,0.08591599519604642,1.3548677382059395,0.9829800232570736,-0.7445846717867326,1.7386101876088944,1.1224098387287162,16.825898516005882,3.253836554422975
456,0.0852269221759343,1.3587590586394072,0.9831077114862007,-0.7492947090139088,1.7255666882345226,1.1304704262641267,16.871325149446328,3.260297138080001
457,0.09182967454034952,1.352113592904061,0.9818000901655652,-0.7411660938167448,1.8591417091602285,1.1724752740329887,16.792927547658923,3.2498580701857804
458,0.08547461977650528,1.3611093997024,0.9830600785697955,-0.7523789299278081,1.7304324453961546,1.1329452341832986,16.90107136293625,3.263733567452431
459,0.09685256219017901,1.359790399670601,0.9807934962812809,-0.7508338561016836,1.9619664314518726,1.2220364251836655,16.88616967554983,3.2611207688748833
460,0.11245325511026749,1.3527301233261824,0.977695897496787,-0.7422527309770799,2.278389707769463,1.323297845403337,16.803407776494588,3.249069983655214
461,0.122291794762873,1.3428568257950246,0.975776227951533,-0.7303431301387422,2.474486158348246,1.353481480302178,16.688543913299704,3.2313951500207185
462,0.08261112800738601,1.3375596283003688,0.983661952599299,-0.7227447556450688,1.6689503214686332,1.0070769623675804,16.61526029446209,3.2277145984649653
463,0.07132077248388669,1.347853119019419,0.9858858511335626,-0.7353667590803281,1.4417765299717573,0.9736054014850661,16.73699502726405,3.2447666073381902
464,0.07150361411186168,1.3588551064021885,0.9858473161761198,-0.7493634761765584,1.4457129201678933,0.9994470254569935,16.871988384265872,3.2603346631318333
465,0.09726854973098398,1.340542919933796,0.9807329044847362,-0.7266429875337821,1.9681559531151165,1.1770416715592906,16.652857354216245,3.2311610933452846
466,0.03863824922792247,1.3779907245188951,0.9923965658648897,-0.771719900096093,0.7766995365378518,0.5728173634144484,17.0876081395774,3.2915879147201776
467,0.125993590678263,1.3547594756819308,0.9749835443819053,-0.7449188473800488,2.555459696122182,1.4229993592517016,16.829121520719035,3.2525925941407685
468,0.13985570800264213,1.3368958598002791,0.9722643927244101,-0.7229712194561602,2.8332241634173214,1.4752293744628437,16.61744445735461,3.2231579786151645
469,0.12064182978292592,1.3472859063185751,0.9761214226611665,-0.7363833494424772,2.439224121981061,1.351747996811027,16.746799679650657,3.2383478244751687
470,0.0610685914507485,1.3630169075913727,0.9879342124220465,-0.7549305522451453,1.23253406989955,0.8811059930974565,16.925680852436532,3.266496739268303
471,0.0969349368363055,1.3663160428404808,0.9808147570762069,-0.7598170131714139,1.9597946168123277,1.2031895064936862,16.97280902969125,3.2687631294518713
472,0.07418423545732367,1.3523676474578679,0.9853246494537607,-0.7413687541606804,1.4991039266271273,0.9966312178158386,16.79488213457891,3.251086811247468
473,0.05283766683351132,1.3719556876458228,0.9895645660070373,-0.7658350252025654,1.0659915772109048,0.8083996438504548,17.030850614798467,3.2797324226289986
474,0.07111338388131117,1.3600106085650623,0.9859204494319244,-0.7508804717292619,1.438242274025697,1.004943156680634,16.886619266694115,3.262527674695849
475,0.06811596651095897,1.3675359510816634,0.9865196438224793,-0.760416405233663,1.3770338782968472,0.9782892249181968,16.97858995289538,3.2727270355045794
476,0.09287095158242664,1.3615809120237827,0.981604745437144,-0.7534226454542712,1.8790963977040924,1.1758059684611124,16.911137627882773,3.2621620940327647
477,0.06755436305320472,1.3625421468168497,0.9866308590374451,-0.7537311755671834,1.3656731162536713,0.9668222642954459,16.914113291060918,3.266619188180566
478,0.08757976072320162,1.3543617026880383,0.982648978715826,-0.7438630109326088,1.772426768010783,1.1331463443944003,16.81893835380176,3.253357232129574
479,0.0868552559568343,1.35844800574705,0.9827978763948184,-0.7492016649151747,1.757216698953829,1.1270262850449044,16.870427772214867,3.258742023587227
480,0.07247458526944683,1.3521346780471504,0.9856564877078818,-0.7408708897024734,1.4652062675428947,0.9954645737165555,16.79008040899689,3.2505809427022934
481,0.09023107098460059,1.3571584234014153,0.9821345981653461,-0.7478578433454415,1.8249713324881642,1.147451844963763,16.857467091245,3.2555679554909465
482,0.08528219687877936,1.353986348491162,0.9831109455492656,-0.7435494054746059,1.7252363249751137,1.1096813340807046,16.81591374072579,3.252288184303045
483,0.061965224548657716,1.3654501158744097,0.987755242695044,-0.757921593134675,1.2508160332265257,0.8953642076268385,16.954528377740598,3.268031925791502
484,0.07296269176964643,1.3695684215053916,0.9855795364408961,-0.7633756567298395,1.4730669279157882,0.9999205622040095,17.007130880809765,3.2727868024826052
485,0.05654739553847321,1.3730117734521627,0.988828731679082,-0.7669708279462712,1.1411578996036271,0.8454807166384404,17.04180502819488,3.2794573536098004
486,0.06576667483932397,1.359504139982164,0.9869860856570494,-0.7497652385454514,1.3293863087519746,0.9431111153629191,16.875863239385186,3.260802327051759
487,0.08040528291348892,1.3554966170340776,0.9840709706771987,-0.745084104004601,1.6271686546723956,1.0783768702610725,16.830715362072098,3.254279974147677
488,0.08135971672390951,1.3560222662054002,0.9838834621902531,-0.7459368732414142,1.6463228621422958,1.0856180136287679,16.8389400179849,3.2548576636850832
489,0.07444502325961366,1.3613016749732196,0.9852545930590665,-0.7524450023446523,1.5062602678702608,1.0365084545735908,16.90170860789117,3.2633004889100787
490,0.08685029531352484,1.3609549263492227,0.9827894464255678,-0.7522998158210377,1.7580778300024742,1.1368453413335888,16.900308335521625,3.261751633259654
491,0.0867432856373398,1.3581429743207991,0.9828185014309179,-0.7488690258416077,1.7551098278091812,1.1280666517744422,16.867219586688076,3.257525288212299
492,0.11822719963129202,1.3487071115523577,0.9765792058420436,-0.737542388991475,2.3924610438634755,1.3504513041699555,16.757978203767518,3.2411973531484604
493,0.06031154570155195,1.362290876917541,0.9880816725765058,-0.7537320517754529,1.2174708456259964,0.8749550532982403,16.91412174177796,3.2643805647671225
494,0.059304429927578894,1.3661843501031399,0.9882757990463916,-0.7584075785614635,1.197640603591842,0.8794626933643178,16.959215534290603,3.2703219068020584
495,0.0711286104269675,1.3671173574402928,0.9859220053321482,-0.7598121361929939,1.4380833370294182,1.0003337012360831,16.972761992969392,3.2707097207546236
496,0.07300011070037726,1.3633523765020072,0.985543449727365,-0.754888156961065,1.4767532271822457,1.019548027028252,16.92527196500388,3.26490210314095
497,0.12676453299354762,1.3496086904779077,0.974866946834538,-0.7385419209406645,2.5673702696067915,1.413491585340075,16.76761833382973,3.240327890571952
498,0.05932519295311067,1.3567282655276358,0.9882616715355693,-0.7454241950301208,1.1990837450609653,0.8778572169446881,16.833995419024415,3.2597380351394416
499,0.14159455638383633,1.3604554352350533,0.9718914799968527,-0.7523191142037728,2.8713176271754204,1.5137306894123996,16.900494461557624,3.2588222776442763
