,train_loss,test_loss,train_acc,test_acc,train_mse,train_mae,test_mse,test_mae
0,25.84367374330759,12.621523380279541,0.9679813465266538,0.7699384885847682,3.1304292168652186,1.1818625502378746,7.338402179384214,2.21908321615526
1,15.046699121594429,8.870593786239624,0.9863024076176367,0.841613998082841,1.3391988338971041,0.692003652576336,5.05212790484988,1.7542268479452932
2,18.14095851033926,6.347094535827637,0.9836845952955781,0.8909244384341337,1.5951395212237534,0.5687218074756613,3.4792448931964857,1.308262745827024
3,19.47187139093876,5.045076131820679,0.9812772971449881,0.9185041477878126,1.8304984650527139,0.6096778432044243,2.5995193016240186,1.0273615729117176
4,16.15935842692852,4.218145132064819,0.9842700094238771,0.9353305122197145,1.5379042132893108,0.6062904294758075,2.0627992363745182,0.8996031282351846
5,8.107003852725029,3.696513533592224,0.9943772564458908,0.9463558062726196,0.5497295729620975,0.4101746988152749,1.711119194769639,0.9154632207609593
6,13.607995457947254,4.277791261672974,0.9895621408192694,0.9375183111109192,1.0204982345083333,0.5739440786131599,1.9930137774661245,1.086825774800374
7,27.420832201838493,5.12462592124939,0.9752878643304622,0.9221634920156099,2.4160788515187206,0.8123262886987723,2.4827951286357046,1.2481168620115575
8,20.73180342465639,4.3296879529953,0.9842731236913465,0.9363275075520898,1.5375997347176782,0.6636941262162609,2.0309975122402544,1.1394382029875798
9,8.296990908682346,2.4843978881835938,0.9958517550290118,0.9666653164064325,0.4055694367880213,0.4015320936244599,1.063295260590569,0.7740557579602545
10,13.281034745275974,1.8087270855903625,0.9861148077624257,0.9738673822124962,1.3575402694081542,0.65374039444862,0.8335668932414725,0.5575721280850054
11,14.701111659407616,1.67400723695755,0.9853753798928887,0.9743805010350185,1.4298333347142909,0.7075563056523971,0.8171996518792948,0.5255824507077124
12,14.169402904808521,1.66289484500885,0.9934106987212977,0.9741980811715224,0.644228879229665,0.4947694396066348,0.8230184014633004,0.5982021697420576
13,34.17223300412297,2.2295162677764893,0.9827369293850746,0.9661568547684988,1.6877917952032548,0.6414321522608833,1.0795139491012742,0.766690394188301
14,63.37694799900055,3.1032513976097107,0.9586649582600719,0.9510785085556124,4.041282449642351,0.9556692888320317,1.560476488334726,0.9229615495911546
15,64.21954325214028,3.2583844661712646,0.9591293941410916,0.9473293195495113,3.9958750544652077,0.9520631894330687,1.6800664910433403,0.9601576031244844
16,36.91574836149812,2.5875794887542725,0.982176708620643,0.9566880482883294,1.742563975124288,0.6502713496991024,1.3815458260666893,0.8709917405694358
17,19.204443834722042,2.0555388927459717,0.9891273683955348,0.9617315942429463,1.0630054654597851,0.6246590086416601,1.2206689875311736,0.7713881381672034
18,22.584527656435966,2.073414385318756,0.9760271565523961,0.9584387870290569,2.3437990483324436,0.9163157285985102,1.325701522030544,0.7724098757413604
19,21.70318840444088,2.203300893306732,0.9772258678063714,0.9577013844024604,2.2266023418827734,0.8884310647413594,1.3492228707725011,0.8413862173248772
20,18.96122557669878,2.890121281147003,0.9881181298654317,0.9507598405451373,1.161677628049347,0.6410418214585811,1.5706412221408497,1.0240666165336303
21,26.301472041755915,4.296013236045837,0.9867740739055775,0.9288447576056474,1.2930845296335165,0.6265459910412738,2.269679020402879,1.2745811486835907
22,25.044853378087282,4.359659194946289,0.98732133422405,0.9280746835013444,1.2395794785356185,0.5961110733787129,2.294242509752061,1.2866718583674437
23,15.426718287169933,3.280771493911743,0.990813461956577,0.9454495283299404,0.8981579165068374,0.5335180449136615,1.740027255004368,1.1232223071419707
24,14.795760843902826,2.9380383491516113,0.9855791149699732,0.9486323583328566,1.4099143759630548,0.6436708469803412,1.6385027258194165,1.0672436158952168
25,12.171589136123657,3.341517448425293,0.9893998208161313,0.9429265336732223,1.0363680861474187,0.5671252766842454,1.8205046428713805,1.1552065446430992
26,11.037367898970842,4.149940848350525,0.9954689741636259,0.9320078356110677,0.4429935091544133,0.40548025578113867,2.1687845318560997,1.3106211699249872
27,17.184983152896166,4.432430028915405,0.9917857228702844,0.9286889838172576,0.8031010155906515,0.4794581069160769,2.2746478250550726,1.3512270728829778
28,15.247143816202879,3.638327956199646,0.9933403124442044,0.9422380688719764,0.65111046962705,0.41313451466524165,1.8424649941131592,1.2136020182274332
29,10.150585532188416,2.8033493757247925,0.994887593208573,0.9555395524089517,0.4998344980904923,0.40500778987263925,1.4181800488551644,1.046495933640932
30,10.411493014544249,2.7492066621780396,0.9918066549523156,0.9565873164459977,0.801054508506441,0.5236343552675702,1.3847589266272864,1.028045980590377
31,11.299706634134054,3.6084165573120117,0.9932585267224379,0.944075057335289,0.6591065714354342,0.44268650416229244,1.7838695338827588,1.2114636329764537
32,17.1818292029202,4.991469860076904,0.9895262676949458,0.9211823571339497,1.024005511183047,0.5238041413952035,2.5140909430009772,1.4519957999450928
33,15.619447261095047,4.769297361373901,0.9908006367046626,0.9245582739564795,0.8994118275540406,0.5017645251528344,2.4064074142982603,1.4150429955164734
34,11.025040790438652,3.3092931509017944,0.9924133334849842,0.9478477142359383,0.7417402026911849,0.4783302148738393,1.6635309624655457,1.1469167559640914
35,12.299314366653562,2.573463559150696,0.9879698538953336,0.9586579561972295,1.1761744097250764,0.6075411407167022,1.3187105590855572,0.9850945112975587
36,11.736541716381907,2.782304048538208,0.9914003112327087,0.9560227388825626,0.8407822957166696,0.5060346597559603,1.4027675765594607,1.0348545000236478
37,15.933635463938117,3.786117911338806,0.9911665758283927,0.9401225336948815,0.8636343541049235,0.4802313490275846,1.9099454164517604,1.24118494398767
38,17.428661597892642,4.005232810974121,0.9904119162376032,0.9366261120860025,0.937416608369983,0.5065310048356347,2.021472754496296,1.2849769953699872
39,12.680981744080782,2.933317720890045,0.9927843247879204,0.9539340764566345,0.7054687831300406,0.45694780231513,1.4693908235517137,1.080348384301739
40,12.512443732470274,2.1940178871154785,0.9896460240084206,0.9645823252884799,1.012297065575941,0.5552926860550094,1.1297376066639724,0.9136517384136779
41,12.341430354863405,2.3832088708877563,0.992501299317452,0.9619173539363194,0.7331398781249941,0.46993142027599727,1.214743705504181,0.9652456458748572
42,17.53822921961546,3.2387332916259766,0.992125584622585,0.9483902394677237,0.7698730986208557,0.4516799483234524,1.646225728231386,1.148606694782575
43,22.61074957996607,3.676534056663513,0.9888799319719414,0.9408321319018975,1.0871970577257901,0.5161124302042731,1.8873109610106023,1.2253112631687388
44,17.036211466416717,3.1060413122177124,0.9929555546748021,0.9496264148107575,0.6887278217669677,0.4288416121352774,1.6067947439888843,1.1197043509450808
45,12.486438224092126,2.5470943450927734,0.9931276692869299,0.9574763453687838,0.671900361770793,0.4532615774297995,1.356401068138156,1.0012366328501767
46,12.134165182709694,2.595685064792633,0.9913632420303928,0.9566608165563304,0.8444065116466668,0.5088488914628331,1.382414452027723,1.0117906468146418
47,13.338384330272675,3.444002389907837,0.9936029701729411,0.9444425734177705,0.6254307067739031,0.4361129183196976,1.7721466654896478,1.1871534833030744
48,17.493512274697423,3.968893051147461,0.9913018754226263,0.9360501883599222,0.8504062587020025,0.4786515014227854,2.0398433193970873,1.2755809030211311
49,13.348606435582042,3.027436912059784,0.9936215627844117,0.9517413519885657,0.623612927203186,0.42026415068266804,1.5393333963718279,1.0991482984198435
50,11.084470564499497,2.3772329688072205,0.9929441790094318,0.9619879011888858,0.6898400083011748,0.4530227194022165,1.2124934198792712,0.9583296257501155
51,10.77980936318636,2.5296436548233032,0.9944066040091426,0.9601923739646048,0.5468602933553274,0.39817043387933493,1.2697663675129411,0.997293833740073
52,14.167264964431524,3.155860662460327,0.993448308658538,0.950709317252363,0.6405517962293051,0.4112183966870646,1.5722527921923732,1.1335249918949561
53,14.097821252420545,3.0769015550613403,0.9933755165226098,0.9522035127486568,0.6476686048501729,0.404606126305556,1.5245915931548757,1.116282395011458
54,10.481450457125902,2.410988509654999,0.9948707851004749,0.9630229786331407,0.5014778086911155,0.372566049073874,1.1794769690786775,0.9657372437621211
55,9.535842537879944,2.1434823274612427,0.993800327926906,0.9670178922528667,0.606135252025904,0.42553483322911223,1.052048949358608,0.8971568797191787
56,9.930413454771042,2.641280472278595,0.995119909677251,0.9594498226449267,0.47712116750917666,0.3609055431490257,1.293451947030825,1.0199275758661417
57,13.567143619060516,3.514901876449585,0.992962416762751,0.944962069648468,0.6880569228292017,0.422110559167632,1.7555760003310956,1.202780276204713
58,12.309993801638484,3.4686166048049927,0.9937845229016757,0.9455830318468975,0.6076804922964011,0.39931522724068524,1.7357688177987405,1.1933126336262811
59,8.626201221719384,2.697664797306061,0.9954165955917348,0.9579978483553822,0.44811450563610794,0.358902451948693,1.3397663923513758,1.0293994281846555
60,8.51108631491661,2.3780216574668884,0.9939188917086257,0.9626538745116897,0.5945433989623063,0.4197324746851676,1.1912504920491764,0.9512878088339234
61,9.38128019683063,2.8413618206977844,0.9953105044301407,0.9555940847563382,0.4584869240821781,0.3621109880221119,1.4164405997206855,1.0578406570379937
62,13.06511833705008,3.4304983615875244,0.9932591179866154,0.9457666073475252,0.659048764174501,0.41457532376782374,1.7299132062033895,1.1775971686139695
63,11.98493929207325,3.072752594947815,0.9941903770805446,0.9517832192963737,0.5680005669561514,0.3897351375072401,1.5379979311696201,1.1064751560144166
64,9.459072023630142,2.2203200459480286,0.9946754720538062,0.9655927979510032,0.5205733546120435,0.3870076386427417,1.097505988505622,0.910430068785304
65,9.695085703395307,1.9484224319458008,0.9938970408514775,0.9697811374914082,0.596679733698787,0.41920454532943036,0.9639081527692697,0.8353341776179508
66,11.247042532078922,2.3418198227882385,0.9948126390104542,0.9637350042457655,0.5071626891998652,0.37274865744487584,1.156765085307588,0.9362595433545022
67,14.520309787243605,2.7320074439048767,0.9930574231776147,0.9572156949610404,0.6787682481156757,0.4155326655616236,1.3647151816483858,1.0227646652556623
68,13.794962114654481,2.57524037361145,0.9935226969230632,0.9597324019784316,0.6332789358369855,0.40488644607589125,1.284438354170008,0.9841905777779831
69,10.797577122226357,1.9794306755065918,0.9941780391168139,0.9693384298169694,0.5692068363631752,0.40559704962774806,0.978029449908224,0.8355084196087557
70,10.199308971874416,1.9213685989379883,0.9934040991297637,0.9700788880930639,0.6448741141760632,0.43277192943022597,0.954410633385598,0.8212381416102543
71,10.541398532688618,2.453598141670227,0.9947499159002601,0.9616011380508687,0.5132950600345056,0.3857826190629501,1.2248302224911967,0.9585859091096766
72,12.269955223426223,2.9871230125427246,0.9940892843498427,0.9526650494017039,0.5778842942048661,0.4007401945078284,1.5098696974333716,1.0752136359230495
73,10.261264623142779,2.681850492954254,0.995217940595793,0.9577420072273821,0.46753679033305445,0.3633542600552035,1.3479271015449381,1.00645352564346
74,8.795286151580513,2.1574606895446777,0.9950820927807443,0.9662166285266814,0.4808184846938046,0.3867571790083106,1.0776073117214746,0.8735463928347825
75,9.481393954716623,2.426183819770813,0.9957130044702178,0.9620638354925947,0.41913492927403034,0.3581469380872458,1.2100713004365207,0.9371722955521443
76,13.511087520979345,3.0496268272399902,0.9929603030402326,0.9517419379763472,0.6882635792000961,0.4161427597228629,1.5393147047880584,1.0772869164526548
77,12.038663015700877,3.0417022109031677,0.9938856087170255,0.9521320736594081,0.5977974411541991,0.39535754136083123,1.5268703261989691,1.0834214922145047
78,7.681025785394013,2.3628607988357544,0.9961978178321458,0.9637089249634809,0.3717352497662903,0.32476945195569323,1.1575969509281225,0.9328839581227296
79,7.791195520199835,1.8577373623847961,0.9941855613967026,0.971904096679315,0.5684713911715049,0.39304359207458167,0.8961909225579067,0.7910132828158396
80,8.506318990141153,2.022370398044586,0.9956086549649659,0.9698757304993904,0.4293370678579733,0.34332914349838495,0.9608908660807605,0.8306045558529153
81,14.5739168766886,2.69271183013916,0.9917400309325337,0.9584761754870129,0.8075682670641985,0.4392003471797657,1.324508921235826,0.986766148878096
82,16.8850992070511,2.8433772921562195,0.9899082259801035,0.9558845087417049,0.986661861598381,0.48343644831247956,1.4071767815615766,1.016697996597722
83,12.97748482041061,2.2537744641304016,0.9931589722016778,0.9661012308395631,0.6688399095571631,0.4036951668441023,1.0812882170299534,0.8767105648510451
84,9.29317591059953,1.560719609260559,0.9942896216857194,0.977528060057648,0.5582975289469381,0.38875987103787596,0.7168001811059498,0.6844800989029212
85,9.371869777329266,1.3947540521621704,0.9924190796706706,0.9798032029277269,0.7411784043140907,0.4470691600951639,0.6442286618914069,0.6282516705077317
86,9.52156207896769,1.732821762561798,0.9948514910095049,0.9746903414140963,0.5033641711559127,0.36673176652776657,0.807316498025793,0.7385826364621968
87,16.164101767353714,2.5957911610603333,0.9910993971264519,0.9597703943944191,0.8702023433391295,0.4567240782938183,1.2832264885842861,0.947212372793228
88,20.13296713680029,2.908870756626129,0.9878940663439377,0.9541240970387237,1.1835840768855668,0.5305400775563502,1.4633296295468894,1.006105734411144
89,14.335735476575792,2.5272302627563477,0.9925943608967197,0.9608538694769762,0.7240413478901158,0.4199856138215364,1.2486662709353893,0.9349929427276902
90,8.726675788871944,1.8190057873725891,0.995197488220275,0.9727406843740425,0.4695363970288654,0.360150679206681,0.8695058115870667,0.7632171088842026
91,9.262008718214929,1.5793455243110657,0.992199563537009,0.9759541890871253,0.7626402599464415,0.4517156080776511,0.7670028338187193,0.6833148466707077
92,8.667382954619825,1.9501375555992126,0.9951441734978324,0.9704087580051667,0.4747489199403055,0.36284977707378435,0.9438885861861427,0.8003767185419931
93,14.399935052730143,2.882327377796173,0.9922844519687825,0.9544223121541676,0.7543408095270596,0.432462906916187,1.45381729330413,1.0132519810570104
94,15.857944721356034,2.97648423910141,0.9911898216113475,0.9526737809232463,0.8613616389768195,0.46219471817783087,1.50959118315116,1.026853326338934
95,10.066801278851926,2.278631865978241,0.9951269374347579,0.9648800581559628,0.4764340712374097,0.35759257700206437,1.120240652957244,0.8814297609727572
96,8.647663592360914,1.7656756043434143,0.9944672706492463,0.9733379822517313,0.5409289813834592,0.38556400073125047,0.850453463280699,0.7470550153118407
97,9.317014398984611,1.940311074256897,0.9956300194969733,0.9707430348300758,0.4272482806059891,0.34079174918435584,0.9332259691958389,0.7939732812460407
98,15.753071215003729,2.5355483293533325,0.991619131025333,0.960638854184556,0.8193885205964981,0.4414575010399371,1.2555247353555838,0.9322080571653212
99,17.858992320485413,2.719738721847534,0.9897947483085625,0.9575036594749523,0.9977564511553599,0.47933683117215886,1.3555298146416346,0.9744211436195808
100,12.435025941580534,2.224526107311249,0.9939816896428444,0.9661603661006416,0.5884037126634821,0.3816708789341799,1.0794019461534954,0.8618610630401067
101,8.671549186110497,1.6956337094306946,0.9948902700341371,0.9750514445270352,0.49957278774213204,0.36572688908187867,0.7957981877501125,0.7225663126275212
102,8.777960459701717,1.5929388403892517,0.9930599564700147,0.9764605288807163,0.6785205708499742,0.4232566359234038,0.7508518269773741,0.6893138758174031
103,9.042748202569783,2.134551525115967,0.995034532532835,0.9676997673219048,0.48546839883653153,0.3574495028635171,1.0302987945329924,0.8487112524778048
104,15.269458730705082,3.120993435382843,0.9908779157939777,0.9504324364250992,0.8918563343398676,0.4686718272621803,1.5810846165758705,1.0645620419350315
105,14.754962670616806,3.112505078315735,0.9912259891828153,0.9505753618693111,0.85782557452238,0.4635434950767101,1.57652564282645,1.0644813692938169
106,8.709478566423059,2.3363091945648193,0.9953819239232297,0.9642277975400264,0.45150431727125606,0.3482754037384966,1.1410461788188688,0.9032416040530378
107,7.940726636908948,1.8925492763519287,0.994124727901573,0.9714018120534195,0.5744190163792849,0.38795088749831985,0.9122125794211876,0.7893116410010019
108,8.256453415378928,2.0790774822235107,0.9956628608236925,0.9685197230853907,0.42403741951316076,0.3370861804466309,1.0041442016819346,0.8412288805158719
109,14.127745691686869,2.5874245166778564,0.9924206354864977,0.9596435046635171,0.7410262938786637,0.4330887423837528,1.2872739621145841,0.9549611406424895
110,17.939531513489783,2.8881566524505615,0.9894168730943985,0.9542604451822723,1.034700903292695,0.4994801075938626,1.4589804556776198,1.0198338054067866
111,13.536755433306098,2.484292685985565,0.9929903525164355,0.9611692634852683,0.6853256743211442,0.4159956552457993,1.2386059698290532,0.9347056942635807
112,9.158038944937289,1.8183428049087524,0.9944681942813174,0.9722722210591846,0.5408386788720398,0.3852266398817132,0.8844486509588811,0.7693264043252117
113,9.577520644292235,1.6286479234695435,0.9918867741367366,0.974905531125956,0.7932213422568921,0.4609503981746241,0.8004524700500654,0.7116237725811373
114,9.511490017175674,2.006141424179077,0.9941379063608431,0.9688285605604584,0.5731305726298742,0.4013354627445028,0.9942930380250031,0.8224277235347744
115,14.330497508868575,2.913389027118683,0.9920446698162189,0.9531892688005894,0.7777840519698688,0.45113083362326634,1.4931483747071477,1.0287001569729304
116,14.192083326168358,2.957117795944214,0.9921532446453922,0.9524268664540176,0.7671688080232917,0.45019090449446664,1.51746715365993,1.040208775620324
117,9.275411539711058,2.3614304065704346,0.9948929175385433,0.9628345617877144,0.49931394409177166,0.37328117533278515,1.1854870077879036,0.9202648913883509
118,8.472680421546102,2.0867238640785217,0.9942211072156113,0.9672193281599567,0.564996114794188,0.39364398399206385,1.0456236342743834,0.852619675903782
119,9.441058094613254,2.3976247906684875,0.9953128095560433,0.9623221203442276,0.4582615544088381,0.359640184760248,1.201832642407782,0.9287032470023657
120,15.78106914460659,3.0255684852600098,0.9906921691330905,0.9516477252435348,0.9100165850406133,0.48839990245181525,1.5423198616243472,1.059036279345516
121,15.993578978814185,3.16383558511734,0.9901694979239626,0.9494317426586624,0.961117585438099,0.4962312851113847,1.613004311753663,1.0906159959164918
122,9.652473337017,2.617074131965637,0.9949508682601464,0.9590807355152372,0.49364816454248356,0.3679597135068126,1.3052249280054997,0.9785704051296088
123,7.56954223010689,2.0895076990127563,0.9950481057018817,0.9679599069917171,0.48414136473796415,0.3644531845203671,1.02200097231948,0.8464239186312299
124,7.598524472676218,2.202895224094391,0.9955155724832032,0.9663548800832973,0.4384376417072302,0.3407534263112958,1.0731974236088058,0.876661271124677
125,8.889330925419927,2.391416013240814,0.9952459283040256,0.9632833483602204,0.46480046228486727,0.35250844832451544,1.1711718085983611,0.9206025060500007
126,8.10927716922015,2.1410226225852966,0.9957081418682031,0.9675374237840141,0.4196103406285238,0.3441854674580103,1.0354771582016349,0.8523423277232897
127,7.196701426059008,2.0691384077072144,0.9959513855369432,0.9687751961928391,0.39582866948251294,0.3287046846182024,0.9959952314480995,0.8339514043192298
128,7.295377094298601,2.4974985122680664,0.9959314038407368,0.9617063428239209,0.39778225836965747,0.32337023845979623,1.221474446328989,0.9479908313195597
129,6.704149590805173,2.6902154684066772,0.9959496093431456,0.9584416671489506,0.3960023260344107,0.3247183595703367,1.3256096532169623,0.9947823602195228
130,6.090279170311987,2.6270113587379456,0.9960164346138058,0.9594204666079748,0.3894688913953183,0.31815220490293616,1.2943883331487003,0.9762107136044942
131,6.264944707043469,2.5335201621055603,0.9961238016416499,0.9610248683915331,0.3789717328820608,0.3339127923011259,1.2432118218207242,0.9448579425988203
132,6.390625825151801,2.4766098260879517,0.9961324894984854,0.9620214473804883,0.3781223304894066,0.3476830815845369,1.2114233780280643,0.9256459859166424
133,5.690452205017209,2.402711033821106,0.9965926901241012,0.9632985094496868,0.33312901166522213,0.31975690735774187,1.170688206750762,0.9089428927983667
134,5.5699713584035635,2.5641451478004456,0.99672436034513,0.9604927350579925,0.3202557561661176,0.3000992104650947,1.2601855797976933,0.9564087459630385
135,6.013629427179694,2.8898675441741943,0.9963632761672016,0.9549307627982201,0.355558566800425,0.31906735297445266,1.4375989554714743,1.0421168968975416
136,5.4400966772809625,2.895377993583679,0.9967019046358053,0.9548146572116014,0.3224512266475302,0.30745464723438876,1.4413024410507878,1.046455156285607
137,5.463333445601165,2.828469216823578,0.9966788640327894,0.9558799640526963,0.3247038815543099,0.2997413381746577,1.4073217460778935,1.0278432243723732
138,6.079756380990148,2.6905553340911865,0.9962462361617662,0.9580637482313582,0.36700144190014233,0.31976948234937924,1.337664346726669,0.9859223556140495
139,5.415706899948418,2.442545473575592,0.9967289419758113,0.9621820145178246,0.3198078150758477,0.3084671502658938,1.2063016772128445,0.9194908846590316
140,5.462347345426679,2.4626429677009583,0.9966326822143916,0.9616377796591858,0.3292190281303804,0.3163538935531427,1.2236614443819096,0.9236298778561273
141,6.0267412243410945,2.651942789554596,0.9960498550280538,0.9581688851606508,0.3862014135393733,0.3379101095975728,1.3343107346152452,0.9728903075242786
142,5.743956498801708,2.5998514890670776,0.9961567410805043,0.9589452811295629,0.3757512794715818,0.324991886431915,1.3095455931742401,0.9622248433309298
143,5.487111408263445,2.3402925729751587,0.9964028269183571,0.9634428392834026,0.3516917325167882,0.30722697255691017,1.1660844363948466,0.8925806137787692
144,5.98562484420836,2.067431628704071,0.996366258032123,0.9682711323444243,0.3552670330831031,0.31826953470902164,1.0120736411786182,0.8094040250173461
145,6.73442205786705,1.9330992698669434,0.9960761391641045,0.9705840272367268,0.38363164190604343,0.3317955139169745,0.9382979243542376,0.7676714076438171
146,6.28685183590278,1.8246379494667053,0.9964029242795347,0.9723461257080562,0.35168221361947416,0.30527700146098213,0.8820912725646879,0.7438000880861965
147,6.336511674337089,1.8611242175102234,0.9963926831370071,0.9715411546911819,0.35268347907895836,0.3065314011696237,0.9077678884759424,0.7586636545046844
148,6.68785129673779,1.991455614566803,0.996127104536074,0.9690996352277831,0.3786488124564969,0.3227174496823176,0.9856464160097266,0.7951963384472737
149,6.477260085288435,2.086144268512726,0.9960086493754632,0.9672363040721623,0.39023004575143355,0.3303527734017752,1.0450821439991933,0.8176299635963062
150,6.51933141797781,2.232804596424103,0.9957094043652651,0.964520224999571,0.4194869076524263,0.3541322300987747,1.1317184547105046,0.8496696529311227
151,6.5186430383473635,2.4702870845794678,0.9953595156908631,0.9601867012073859,0.45369514598167915,0.37222783591265357,1.2699473146591291,0.9103380432994526
152,6.092163380235434,2.5462138652801514,0.9954127376813435,0.958667444958092,0.4484916893741647,0.36475546154138705,1.31840789071237,0.9349935481301064
153,5.840996260754764,2.531102776527405,0.9955916601573999,0.958866790149335,0.4309986318642086,0.3544702391200011,1.3120492643742738,0.9376714538373945
154,5.802852855063975,2.364826023578644,0.9959618619271259,0.9618842504001573,0.39480440411349454,0.3420992908411055,1.2157996277243845,0.8969476209054094
155,5.976365325972438,2.1383724212646484,0.9962870850232091,0.9660175101782141,0.36300769277379036,0.32903371427973616,1.083958702327228,0.8371332310392329
156,5.609623062890023,1.9089329242706299,0.996817811842127,0.9700969004864475,0.3111191040953806,0.2973051791429624,0.9538360818839164,0.7750337328030381
157,5.755749274045229,1.8951526880264282,0.9967922857826687,0.9703490454285039,0.31361475939789435,0.29363048314423856,0.945793272024394,0.7720216720148062
158,6.968161539174616,2.1308550238609314,0.9956693016680144,0.9661702364711442,0.423407705110486,0.34326657531536986,1.0790871053617352,0.8381552232758817
159,5.954104630742222,2.0747368931770325,0.9963589250752973,0.967042906235894,0.35598396836309043,0.3196862670581951,1.0512510641911446,0.8211220126560718
160,5.267317204270512,1.9858624339103699,0.9966345812774017,0.9684493856514893,0.3290333587880839,0.3128848031496174,1.006387794602189,0.7897194230142953
161,5.7843326497823,2.1484130024909973,0.9959756445156139,0.9655067180375291,0.3934568953020153,0.35396714373804555,1.1002517282026008,0.8268262205668045
162,6.240052469074726,2.383632481098175,0.9952743635377764,0.9612221215278121,0.46202038014943314,0.3811098444142021,1.2369199269433275,0.8875802786449344
163,5.748794860206544,2.359190285205841,0.9955288340744068,0.9615466856201539,0.43714107023833415,0.36215706501227307,1.2265671224783858,0.8845374679130908
164,5.37038111500442,2.129176080226898,0.9959065144684388,0.9655704587617684,0.400215665455186,0.3401548255697613,1.0982185542623086,0.8219193263411013
165,5.507259760983288,1.8959693312644958,0.9962216257192286,0.9699341401147286,0.3694075783238408,0.32902141329075557,0.9590277415369901,0.7505471969268321
166,6.783278814516962,1.8364617824554443,0.9956000803049786,0.9712294503021924,0.43017540311685726,0.35948008102472817,0.9177104997080976,0.7281490956127613
167,7.362953580915928,1.729666531085968,0.9953435848544099,0.9731845670561581,0.45525268667975344,0.36176848548601953,0.8553470345635252,0.6957355616972817
168,6.053965097293258,1.5594833493232727,0.9964073283861041,0.97613154902704,0.3512516288701619,0.31164153461312555,0.7613454834796763,0.6469631941114043
169,5.470284626353532,1.5631502866744995,0.9966428131709402,0.9759332879038571,0.3282285354352174,0.2955288980744446,0.7676695306855846,0.6520594651292899
170,6.180378048680723,1.810792088508606,0.9960091542759152,0.9715227737453747,0.3901806821787938,0.3331607325901148,0.9083541959027732,0.7290978958297489
171,6.702328922692686,2.0127148628234863,0.995310595375964,0.9678190534214537,0.45847803240712237,0.3681902154990293,1.0264938583334702,0.7851751987030368
172,5.657383379526436,1.9152984023094177,0.9959220599933921,0.9693283158335274,0.39869579624688173,0.34372155902530527,0.9783520613597295,0.7558753359485085
173,5.353530211374164,1.9071263670921326,0.995880708620096,0.9693108876292149,0.4027386754151613,0.35107723985395584,0.9789079786521191,0.7528419249293103
174,6.01729960180819,2.199553906917572,0.9952198622145624,0.9641427231604831,0.46734891573850595,0.3819307609712772,1.143759844431205,0.834324015177915
175,6.365316621959209,2.3228182196617126,0.9948497048811105,0.9619078613098687,0.5035387990026275,0.3933775273935704,1.215046497180221,0.871698377731713
176,5.403381477575749,2.0683971643447876,0.9958963573140178,0.9664445127202962,0.40120871948807724,0.344907387010815,1.0703383606797188,0.8083325208901125
177,4.941053282469511,1.7751484513282776,0.9966068961159505,0.9716970850545396,0.33174010716376723,0.31216845906060464,0.9027940894634235,0.7243389286554394
178,5.397168263792992,1.6822486519813538,0.996635055810116,0.9735283337570735,0.32898696423641216,0.31572114252855316,0.8443817136296604,0.6959680479707346
179,5.886147565674037,1.7302119135856628,0.9963321712867663,0.9727293417514613,0.35859965741288774,0.3179377980159454,0.8698676136362593,0.7129991131274744
180,5.014632135163993,1.6448153853416443,0.9969801263263092,0.9741751790458414,0.2952497920386722,0.28032124437514794,0.8237489235222751,0.6896930573236624
181,4.978376796469092,1.635589838027954,0.9969042588872046,0.9743040234154735,0.30266726973427605,0.2872929653020437,0.8196391017746326,0.6850866136792069
182,6.268953011836857,1.8709588646888733,0.9956149997498845,0.9700931242854702,0.42871674507954166,0.35661476045099433,0.9539565335027508,0.7510438737347648
183,5.874036320019513,1.9245507717132568,0.9956671365453519,0.9690085313485082,0.42361938681803646,0.35579483909392495,0.9885524079859977,0.7651988631908053
184,5.260365784633905,1.8369212746620178,0.9959188995054943,0.9703866258810943,0.39900479373995623,0.3365588712248796,0.9445945470682061,0.7394688314656794
185,5.384207556489855,1.8043898940086365,0.9958390205757239,0.9709594215327954,0.4068144705514242,0.3396078276916941,0.9263237601254997,0.728161908096427
186,5.981209879741073,1.7910027503967285,0.9956413240148395,0.971314976716366,0.42614305008652636,0.3517832493241404,0.9149824152914333,0.7226455415633666
187,6.2764777494594455,1.7130744457244873,0.995629422064237,0.9727208015376086,0.4273066909602611,0.3489984161910058,0.8701400256688634,0.7004085735664236
188,5.81516293482855,1.5460071563720703,0.9961443473656516,0.9756391511359077,0.3769629996056859,0.3222100072134032,0.7770517775711179,0.6504947390804288
189,5.7725692838430405,1.4898167252540588,0.9962471875829743,0.9766586536375811,0.366908422474778,0.31897346947849714,0.7445321295250616,0.6322853486159377
190,6.279598175548017,1.6213425397872925,0.9957278682654919,0.9743957775844009,0.41768171204120497,0.3449990795228581,0.8167123671414365,0.6740382006422445
191,5.828127344604582,1.6637718081474304,0.9958905443112734,0.9736193249913785,0.4017770504968776,0.34020254219196844,0.8414793147537216,0.6878590529411226
192,5.323529421817511,1.6944016218185425,0.9960985641751092,0.9729983039701593,0.3814391727662655,0.3300211029440123,0.8612883735898725,0.6989341092270345
193,5.578566187992692,1.8366448283195496,0.9957292355630879,0.9704301991071591,0.41754803282991515,0.34938899311404525,0.9432046672262882,0.7426820332925319
194,5.513101130258292,1.8287470936775208,0.9957995542498048,0.9705624092348212,0.41067305067073884,0.3514122309962697,0.9389874859906986,0.7411604870898209
195,5.122250875458121,1.7414484024047852,0.9962483953415325,0.9720984748971245,0.36679034122314297,0.3326280742257712,0.8899907305813183,0.7172325339132932
196,5.0863924054428935,1.7687882781028748,0.9963398503994075,0.9715886005887987,0.3578488788521419,0.3219179537371189,0.9062544798386947,0.7287312610000342
197,5.440172071103007,1.8202945590019226,0.996071669820121,0.9707138380318876,0.3840686048469744,0.3333675028057951,0.9341572759847848,0.7452549026243179
198,4.922831928357482,1.720709502696991,0.9966081377081704,0.9725122760132562,0.3316187180315328,0.3021809998531633,0.8767914822856251,0.7149685873289244
199,5.039388206321746,1.6762768030166626,0.9965228321343299,0.973358500411115,0.3399589519809078,0.309099219268233,0.8497989839433573,0.6993189603013968
200,6.7369461371563375,1.8572405576705933,0.994749255291067,0.9701085926575251,0.5133596470828287,0.38905980581796246,0.9534631300885908,0.7509970313173107
201,5.5503329751081765,1.6998611688613892,0.9958915071552115,0.9729057686803034,0.40168291428352104,0.3408494366416203,0.8642400240792191,0.7036591492996512
202,4.6321839154697955,1.5233270525932312,0.9966451479038344,0.9759516424943424,0.3280002711182378,0.30056863430433217,0.7670840639293653,0.6478997041602756
203,5.10451643448323,1.5593678951263428,0.9962167377854655,0.975282917338479,0.36988546633604824,0.32228692597895503,0.7884147685353159,0.6582894764856487
204,6.560033602640033,1.6935100555419922,0.9948549659958057,0.9728845587457923,0.5030244254931753,0.3874238082504107,0.864916569359147,0.6970119730595357
205,6.490744452457875,1.6306068897247314,0.9949521120993449,0.973961276445947,0.4935265557255716,0.38546294885041804,0.8305718957595024,0.6757802305101349
206,5.566438167821616,1.4799477458000183,0.9957476545882774,0.9765116009989023,0.41574722460270036,0.3471564162216491,0.7492227507312157,0.6275468472359557
207,5.584150283131748,1.5407819151878357,0.9955970018221122,0.975346775859852,0.4304763830664582,0.3452890864320321,0.7863778371532147,0.648261278550046
208,6.354517987929285,1.6420824527740479,0.9949769304941524,0.9735551960080681,0.49110008803273986,0.37360558890592666,0.8435248732132491,0.6794832015337781
209,6.478185118176043,1.6196801662445068,0.994923735985564,0.9739241765777252,0.4963008577653016,0.3750612688433278,0.8317552912442078,0.6728752161762573
210,5.753342776093632,1.4980987906455994,0.9955692716086483,0.9760377906661416,0.4331875361288287,0.3462665248367292,0.7643361469579772,0.6362650455988718
211,5.5853687529452145,1.4205756783485413,0.9957703656805952,0.9773866168522876,0.41352678560148165,0.3395833002997759,0.7213118750441989,0.6106850591797361
212,6.261792558711022,1.4860912561416626,0.9952537455295515,0.97633091754594,0.46403618057635326,0.37040463713218774,0.7549861130461049,0.6333105211325443
213,6.361763927619904,1.5723474025726318,0.9949977383252545,0.9748086412205963,0.48906572882785293,0.3818080779675827,0.8035430221736182,0.6627459513494721
214,5.328869292046875,1.5145063400268555,0.9958447913975356,0.975794692774958,0.4062502635269315,0.3408688288486641,0.7720903779177398,0.646887893826876
215,4.979617374949157,1.4761329293251038,0.996157347643036,0.9764861756899572,0.37569197650705916,0.32647733217283653,0.7500337561941756,0.6355506428411558
216,5.392138748895377,1.531994104385376,0.9958423013540858,0.9755532249203782,0.4064937123894133,0.3451079762767505,0.7797926146778097,0.6543863530735626
217,5.075559059623629,1.524172067642212,0.996168812297299,0.9756807878771031,0.37457108962479463,0.32933932912874164,0.7757236668825849,0.654278039327399
218,4.921986810397357,1.5375247597694397,0.9963114582305458,0.9753636819282747,0.36062475057982063,0.32100584014976263,0.7858385747246804,0.6606571515680006
219,5.718633772339672,1.6050633788108826,0.9955102836362694,0.9741610125405903,0.43895472656775586,0.3688449688904004,0.8242008005545057,0.6816668892188117
220,5.008077287115157,1.537532925605774,0.9961642777958429,0.9753069814483252,0.3750144229415357,0.33760732279783695,0.7876471820100727,0.6604001910472204
221,4.730308834463358,1.5408781170845032,0.9963337260410938,0.9752068967121617,0.3584476507591469,0.3214330068883839,0.7908396414591441,0.6621628853147147
222,5.862054585013539,1.6284759640693665,0.9951891376127268,0.9737349505907531,0.47035282692242697,0.3794518452061246,0.8377911395990697,0.6872333818310125
223,5.578758188989013,1.5213449597358704,0.9955176656769003,0.9756800903502163,0.43823299241705194,0.36467650703552645,0.7757459162922979,0.6513306188043689
224,4.814295697491616,1.4169493913650513,0.9961899096577792,0.9774340207446234,0.37250842344487917,0.325107645028382,0.7197998062731618,0.6171004168399508
225,4.9610718307085335,1.4187940955162048,0.9960398945538621,0.9773453066866977,0.38717523835837375,0.33000611252717266,0.7226295687658928,0.617616187648935
226,5.87437603995204,1.4535877108573914,0.9952769892696286,0.9767628762501974,0.4617636651781816,0.36915151582975164,0.7412076818899045,0.6281215658514949
227,5.816319523844868,1.3603487014770508,0.9954639753293506,0.9784262489808465,0.4434822397900934,0.3638394463031718,0.6881501409016936,0.5954414146563991
228,5.458648085594177,1.3080540895462036,0.9957676617655171,0.9793099228199666,0.4137911444623985,0.3515179933670004,0.6599630965457186,0.5759696269971983
229,5.726811034604907,1.4353800415992737,0.9952647812328189,0.9769768908820354,0.4629572317702753,0.3688121304327357,0.7343811361063939,0.6216071559324136
230,5.963319808244705,1.5603399276733398,0.9947718094817216,0.9746941876295963,0.5111545481880012,0.3928345164242161,0.8071938131141212,0.662934175804242
231,5.46313387574628,1.5133967995643616,0.9952107838878229,0.9754979629197651,0.4682364939525399,0.3724584290711526,0.7815553379740331,0.648649097755225
232,5.079520656261593,1.4017717242240906,0.9957276236423089,0.9775472148016274,0.4177056285859626,0.34962981250952635,0.7161891914010715,0.6121174767741645
233,5.542168641928583,1.3638203144073486,0.9955155940069433,0.978401931291602,0.43843553735437824,0.3724350666700742,0.688925815992461,0.5985976368175648
234,5.786448967177421,1.3887604475021362,0.9953001219720206,0.9779469389300448,0.4595020058147434,0.38019382381740524,0.7034389647460952,0.6087790668889188
235,4.905168097931892,1.4106380343437195,0.9959980470760122,0.9773120188942201,0.39126662113380606,0.33914564356238425,0.7236913683140273,0.6202519621148065
236,4.719705739058554,1.438869595527649,0.9960668991913035,0.9766638727959488,0.3845350240811665,0.33880634479006183,0.7443656510780371,0.6318333581969189
237,5.824253208935261,1.4963648915290833,0.9950279755549654,0.9758026730185922,0.4861094674909208,0.3933454146437788,0.7718358275719777,0.6497383141441395
238,5.897138422355056,1.3997644186019897,0.9951307328466285,0.9776546468030824,0.47606299791230655,0.381485436697511,0.71276237207452,0.6159184392551947
239,4.6342109753750265,1.228762924671173,0.9964452598128081,0.9807378688045645,0.34754311419166556,0.32495257488383306,0.6144150956612802,0.5523875189196897
240,4.739449076354504,1.2896992564201355,0.9961131357010393,0.9795712874373171,0.3800145303919701,0.3430747151255959,0.6516262014876069,0.5758287495556825
241,6.845268534496427,1.6535357236862183,0.9933955736356165,0.9729025878996127,0.6457076425437934,0.4608896425495158,0.8643414832403331,0.6963934184987612
242,6.9306326592341065,1.785218596458435,0.9929035085849516,0.9703850919562608,0.6938163118381502,0.48452755929604796,0.9446434755363878,0.7360990624240026
243,5.648214735556394,1.6303550601005554,0.9942315901718435,0.9730336931803731,0.5639712074695964,0.42343830771927654,0.8601595439313964,0.6909567225922134
244,4.841630312148482,1.398923635482788,0.9953128574271192,0.9772063781425122,0.4582568741053801,0.36932445612539344,0.7270610511340555,0.6149945221724187
245,4.844165245536715,1.2735376954078674,0.9958110763254552,0.9797780821362475,0.4095465497613565,0.360639055398246,0.6450299539884903,0.5696792584510811
246,6.304792539216578,1.3116185069084167,0.9946704093682387,0.9791970589464194,0.5210683279196945,0.4027387609235481,0.6635631793692969,0.5847798024818102
247,6.669830726925284,1.326754629611969,0.9943991068119062,0.9787822494813069,0.5475932862431409,0.404830847139874,0.6767945915428737,0.5938073874007733
248,4.870583989657462,1.188627004623413,0.9962650643741469,0.9810544911945637,0.3651606278825675,0.32741012439748374,0.6043156121687201,0.5471623260787225
249,4.408568504266441,1.118997573852539,0.9966896884756671,0.9820899462561399,0.3236455874487003,0.3020412982777667,0.5712871162948011,0.5201786843708746
250,6.321135358884931,1.2460904121398926,0.9948802959971017,0.9799800918917387,0.5005479385857383,0.39528193440738457,0.6385863345371777,0.5689447745009639
251,7.689269490540028,1.3218728303909302,0.9934078159905412,0.9786606862985842,0.6445107207066154,0.44493530981762763,0.6806721611525738,0.5932986058259913
252,5.806390423793346,1.2066289186477661,0.9952118961492858,0.980707746325002,0.46812774934891543,0.37669968656155395,0.6153759294326917,0.5494731867699011
253,5.0744695495814085,1.1992895603179932,0.9955236643194095,0.9807274191622345,0.43764651160866913,0.36504297002278174,0.6147484138142252,0.5440259882499545
254,5.570717824622989,1.378016471862793,0.9946560675322103,0.9775169664307629,0.5224705137600354,0.4001846490442087,0.7171540407985608,0.6118729033287494
255,6.633912282530218,1.596317172050476,0.9933167187081472,0.9735310446882299,0.6534172037547079,0.4567909908617291,0.8442952415249445,0.6843658972872789
256,6.221902700606734,1.5577465891838074,0.9937993675575256,0.9741713778600991,0.6062291463044301,0.44471878099587364,0.8238701720942923,0.6756371423199115
257,4.917824684642255,1.3324950337409973,0.9954512747271207,0.9781775492817253,0.4447239639720701,0.36529722776347373,0.6960830558982797,0.6045680309652447
258,4.382115475833416,1.1697566509246826,0.9963836296703082,0.9812024111822917,0.3535686267536397,0.3130359871614257,0.5995973246392654,0.5447472937206066
259,5.844330901745707,1.190685749053955,0.9952391595177077,0.9811614118787055,0.4654622392227948,0.38950318655601684,0.600905102619768,0.5508233990569322
260,8.252702495548874,1.3070096969604492,0.9926642606004806,0.979111170706608,0.7172073292426543,0.4824157072090349,0.6663028051430223,0.5934096315258925
261,7.805709432810545,1.384501874446869,0.9928602174520711,0.9775317712449402,0.6980488392088908,0.4696460680569958,0.7166818032654088,0.6232788919116026
262,4.664530074223876,1.2443796396255493,0.99605051476967,0.9798031663420713,0.38613691131311245,0.3381391046389809,0.6442298288847623,0.5771895564808036
263,3.942389158066362,1.1537922620773315,0.9965144702175035,0.981062463737001,0.34077648757040657,0.2863186389561308,0.6040613074723926,0.5378196482477874
264,4.8713522385805845,1.2352195382118225,0.9957120060217297,0.9799997433536031,0.41923254650585035,0.3564025010914176,0.637959500740921,0.5720040490244452
265,8.74172888416797,1.5294675827026367,0.9914342038943428,0.9747253276545992,0.8374686467431048,0.5173079101178485,0.806200522120152,0.6659341068844455
266,8.671474280301481,1.5540992617607117,0.9914196560443133,0.9742006939495857,0.8388909743501357,0.5136496280287931,0.8229350602033183,0.6713815082245392
267,5.560835865791887,1.2723075151443481,0.9946963825835586,0.9790796603961074,0.518528954670874,0.3859941885519807,0.6673079073429873,0.5800302734009585
268,5.189840119332075,1.122162401676178,0.9947166165524484,0.9810640180826046,0.5165507013555631,0.34890513072744916,0.6040117276313535,0.5124493507709356
269,5.147579807322472,1.1362096667289734,0.9950945342244659,0.981091628951451,0.4796020981596729,0.34870459626374517,0.6031310081278135,0.5242212946143119
270,7.127540674060583,1.3007953763008118,0.9935017192585124,0.9786087381268435,0.6353298994749886,0.43538474248079223,0.6823291813745654,0.5910872722072936
271,9.255342635791749,1.3584450483322144,0.9914303958583687,0.9776463506832026,0.8378409543131976,0.500912411338159,0.7130269981035865,0.6089233910422336
272,6.776439213659614,1.1616749167442322,0.9942059880520784,0.98121978267811,0.5664742991062593,0.4119153665732655,0.5990432162097912,0.5393277210027658
273,4.77728985529393,1.0501781702041626,0.9960134886084242,0.9829562334586904,0.3897569191641181,0.3174011438161565,0.5436546633214067,0.49427799140684725
274,4.699757011607289,1.1025879979133606,0.9958807889199478,0.9820370238895745,0.40273082458525505,0.32610194019745187,0.5729752109602344,0.5203913492627169
275,6.798709055874497,1.3526585698127747,0.9934507680713549,0.9777807328566076,0.6403113420907612,0.44977382720476866,0.7087405338961672,0.6161403116826222
276,7.812549561262131,1.4624027609825134,0.992139764941812,0.975866499539071,0.7684867041040047,0.5017710352787896,0.7697999169404985,0.6517616336105354
277,5.533105701673776,1.3208045959472656,0.9945849560521215,0.9784099100131468,0.5294230064721229,0.4214447911161834,0.6886713141976464,0.6052646514740431
278,4.441864651627839,1.227997362613678,0.995608778730823,0.9797538876449747,0.4293249674036084,0.3520857347457853,0.6458016993638602,0.5701816960938331
279,4.511939273681492,1.253646969795227,0.9955796606064183,0.9792412151973856,0.43217181502174234,0.349512182664751,0.6621547024522755,0.5833161740136591
280,5.635016192216426,1.3090274333953857,0.9946566164346788,0.9784363318682265,0.5224168481576864,0.40541651394977096,0.6878285213388681,0.6050072671505282
281,6.712972469627857,1.2724688053131104,0.9938222987290405,0.9791566813750372,0.6039871903974812,0.436799092768952,0.6648511256059645,0.5911202080515309
282,5.202152541838586,1.1147262454032898,0.9956454540747307,0.9818333605254473,0.4257392585853691,0.3533321521691487,0.5794715765016838,0.5315470216037723
283,4.568642227444798,1.0381489396095276,0.9963375888689348,0.9828946951565292,0.3580699862473335,0.3047304396463004,0.5456175853587244,0.4976429198304937
284,5.8399936612695456,1.0865655541419983,0.9952145046199332,0.9820696840525927,0.4678727219870491,0.36573151641647655,0.5719334312640251,0.5204663170944055
285,6.903398765716702,1.1484240889549255,0.9940913495540067,0.9809587371961098,0.5776823814211517,0.4145052616882497,0.6073699316270934,0.5432490254377041
286,5.900954951066524,1.1502248644828796,0.9948383718272977,0.980793787270829,0.5046468194508067,0.38533082326853596,0.6126314327088,0.5424023443455521
287,5.241540326271206,1.1673821210861206,0.9951033934906304,0.9802457490411272,0.4787359372617994,0.3615390487408709,0.6301125181562958,0.5485692115826093
288,5.506694905925542,1.2354704141616821,0.9947076046081101,0.9790514757168446,0.5174317894338204,0.38265330176413265,0.6682069300019942,0.5742859994575433
289,6.463975825347006,1.2980269193649292,0.9938639054812591,0.9780661158723553,0.5999193431073899,0.42065116517623913,0.6996375103967629,0.5959069066389668
290,6.368149461224675,1.2245448231697083,0.9941565533320497,0.9794434117633735,0.5713074783664163,0.41242414274905465,0.6557051242008668,0.5680198843761597
291,5.345032137352973,1.121835470199585,0.9952389081651477,0.9812321108467125,0.4654868136914975,0.36851007862584934,0.5986499776416243,0.5281972590720077
292,5.23009286634624,1.1570413708686829,0.995173577168162,0.980581537730804,0.47187415480505385,0.3696860342850123,0.6194016763602089,0.5464281188419904
293,5.5750359329395,1.2107611298561096,0.9947555210128983,0.979734017101185,0.512747054217175,0.40201832223913114,0.6464355213402307,0.5690620102324854
294,5.635425450280309,1.209873080253601,0.994779762524736,0.9799161109251001,0.5103769877501119,0.4020026202609093,0.6406271716251906,0.5688481983881397
295,4.983839051797986,1.1651918292045593,0.9955662604240376,0.9808930945547625,0.43348193640054716,0.3631852950731338,0.6094637720933257,0.5490912804808767
296,5.294570043683052,1.1933303475379944,0.9952190569677388,0.9806013852439356,0.4674276438519603,0.38965435800398446,0.6187685890057717,0.5575427064620901
297,7.291174550540745,1.3355159163475037,0.9927906236401687,0.9781227658253164,0.7048529511392638,0.4850892007885744,0.6978305147993031,0.6102327775261046
298,6.189600183162838,1.3581040501594543,0.9938220983041665,0.9775646259192041,0.6040067857212551,0.4463600664769913,0.7156338191339576,0.6205132299481824
299,4.792073704302311,1.307950735092163,0.9952911217386586,0.9783122294584209,0.46038194892347667,0.38373155178727736,0.6917870861113194,0.6035387572032048
300,5.377846737392247,1.3171942234039307,0.994544257982198,0.9782426845014448,0.5334020128742698,0.4239897785766354,0.694005400946768,0.6062653609736885
301,6.26046394277364,1.286367416381836,0.9935560844113936,0.9790279744149789,0.6300146771124767,0.47853522619526123,0.6689565643226961,0.5911698590388371
302,5.688515501096845,1.2179489135742188,0.9942365888613655,0.9802868466525726,0.5634824909862922,0.4557603456748842,0.6288016043943903,0.5617022843502083
303,5.04086576262489,1.1637138724327087,0.9949967952087382,0.9811343245314978,0.48915793631247134,0.40610188979234574,0.6017691230574336,0.5396593683408895
304,5.11871985020116,1.1610705852508545,0.9949184411111494,0.9810256527719325,0.496818531926121,0.39524930331674024,0.6052354876497786,0.5440023958429911
305,5.677725043147802,1.1653743982315063,0.9943924966783444,0.9809003345281415,0.5482395518722234,0.42224101889336535,0.6092328345666773,0.5479917770208079
306,5.311789378058165,1.0991035103797913,0.994962062011486,0.9820475698207373,0.4925537635468655,0.39479068697192554,0.5726388214279224,0.5206975602573247
307,4.828881176654249,1.0343655347824097,0.9956461458088278,0.9832085104305706,0.4256716284887531,0.3551242575238072,0.5356076420319046,0.48824979180803657
308,5.566114135552198,1.050511747598648,0.9948976661349006,0.9830943016870578,0.49884967894743815,0.39237350107518343,0.5392506229335898,0.492930394400638
309,6.225051953922957,1.108932077884674,0.9939281888803794,0.9822485376313554,0.5936344245072683,0.44771969555903396,0.5662284374816714,0.5157950026271534
310,6.28731098677963,1.2007046937942505,0.9933603175047993,0.9805343307927686,0.6491545964288437,0.475443845296405,0.6209074627685038,0.5561555425251721
311,6.228790736757219,1.3169976472854614,0.992976575575792,0.978192039671847,0.6866726309489583,0.48737065248626255,0.6956208477271055,0.6048256524655768
312,5.592334889341146,1.3292098641395569,0.9936407481263706,0.9778430492693779,0.6217371970119228,0.4623162470605558,0.7067527920245618,0.6116435284398188
313,5.014869080390781,1.2676973342895508,0.9945185359927319,0.9789970698337258,0.5359168240423166,0.42019094790745143,0.6699423452341806,0.589043007239483
314,5.230139073450118,1.2100567817687988,0.994599960901155,0.9804000280593044,0.5279559985653629,0.4219201606346179,0.6251913930351917,0.5626732441495105
315,5.7882431941106915,1.1756537556648254,0.994200468149067,0.9812549115392016,0.5670139740702688,0.43880780287539867,0.5979226910545501,0.5466525930237797
316,5.105228935368359,1.11847323179245,0.9950872673383061,0.9821246170719606,0.48031257378192527,0.3937232655098837,0.5701812016686861,0.5248488559090386
317,5.716111967805773,1.1091609001159668,0.9943547233581355,0.9821672129458806,0.5519326086492191,0.4262041306277539,0.5688224969810401,0.5228411533910643
318,7.219735633581877,1.114842176437378,0.9925641672466984,0.9821006089649249,0.7269933484878103,0.489101016479149,0.5709470018406062,0.5253759952567262
319,5.881701176986098,1.0590353310108185,0.9941932638547389,0.9830562409115854,0.5677183301566453,0.43389019427754133,0.5404646690204733,0.49164559592241597
320,5.000513182487339,1.0493677854537964,0.9951375828084725,0.9832537585661418,0.4753932845307283,0.3973801082956726,0.5341643366539361,0.4840572722036663
321,5.7536125825718045,1.1134967803955078,0.9939939840002265,0.9821357572068304,0.5872017066021205,0.442409035935559,0.56982585848458,0.5253292764119897
322,6.3215855420567095,1.1772944331169128,0.9931166537723566,0.9807484901381275,0.6729773367500108,0.4726131206509242,0.6140763009759497,0.5525066190546168
323,5.5518701313994825,1.1381133198738098,0.9939402632983265,0.9810393491163375,0.5924539216872574,0.43348629972003044,0.6047986076040367,0.534005179400467
324,4.871347588021308,1.0807401537895203,0.9947984785856291,0.9820370958444312,0.5085471386625116,0.39022210469371266,0.5729729157754633,0.5046336311091353
325,5.186536928638816,1.0757113099098206,0.9946056532243868,0.9825969595042663,0.5273994662623643,0.4106904152717221,0.555114627893157,0.5030941286875567
326,6.452858461532742,1.12749445438385,0.9931271582841169,0.9818747809152729,0.6719503219646769,0.47250308764838894,0.5781503668951887,0.5315193270583634
327,6.193632236681879,1.0955308675765991,0.9934637364346858,0.9823515499424447,0.6390434391947204,0.46400035932339784,0.5629425955190115,0.5198848225562108
328,5.444588373880833,1.043325662612915,0.9944441303056583,0.9830766019762831,0.5431913878183997,0.4243362501865758,0.5398152006212024,0.4922226472342221
329,5.231502188835293,1.0226999521255493,0.9948664606377877,0.9834910633860653,0.5019006067439572,0.408890890504547,0.5265948905653984,0.47946793911465146
330,5.808087591547519,1.0388100445270538,0.9942710375429594,0.9833134063284475,0.5601144805409394,0.42929572801802335,0.5322617182358991,0.4966355799228646
331,5.829004155471921,1.060095191001892,0.9942503830147329,0.9829398986270931,0.5621338514890324,0.42523008271407836,0.5441757046857639,0.5085194791203638
332,4.694152873940766,1.049006074666977,0.9954828111364843,0.9830420830785147,0.44164068324170036,0.3701325658426129,0.5409162694312591,0.5019948936266385
333,4.870561215095222,1.0683486461639404,0.9952101463763783,0.9827647530237348,0.46829882275890483,0.39010612642659775,0.5497624230789798,0.5100961225734784
334,6.333860111888498,1.1344203352928162,0.9933539558813905,0.9815673654278391,0.6497765654882794,0.4664411407770156,0.587956172608117,0.5421209961325175
335,5.231559774838388,1.1013731956481934,0.994486608398458,0.9819089136442256,0.5390383504994609,0.4252065513078963,0.5770616159303087,0.5307001624606829
336,4.675435341661796,1.0595686733722687,0.9950980652025503,0.982384435456598,0.4792568782406434,0.3910859045022526,0.5618936276701575,0.5064921178896108
337,5.273110874462873,1.0324347913265228,0.9946371565885541,0.9830962081827017,0.5243194163251851,0.4212097619202755,0.5391898103635,0.49195423405131106
338,7.254462465876713,1.0494000911712646,0.9925787316096822,0.9829545618948545,0.725569406427049,0.4899116704193312,0.5437079821387126,0.5036850792428873
339,7.502781132701784,1.0244270861148834,0.9925215124417202,0.9832651056453068,0.7311636627658471,0.480547098833522,0.5338023924505707,0.49331033251601103
340,4.961932769976556,0.9467787742614746,0.9954596188882426,0.9843118132118363,0.4439081643386442,0.3609158030375135,0.500414969060424,0.44839747591170415
341,4.377975108567625,0.9444689750671387,0.9959593287911669,0.9841339099769939,0.395052066084128,0.3256043812070001,0.5060896491851252,0.4392286072914919
342,6.293678332818672,1.020063430070877,0.9936718906012545,0.9831488937995086,0.6186924308307626,0.4357711878173054,0.5375092674390433,0.4860772751417362
343,8.692085732705891,1.166205883026123,0.9905324079330543,0.98074514132481,0.9256362652601866,0.5478679695665105,0.614183119968817,0.5471235295191584
344,7.215202852385119,1.1622607707977295,0.9918315477995497,0.9807019140715321,0.798620761680151,0.5121537839546721,0.6155619641210297,0.5489125657117311
345,5.505652212072164,1.0773853957653046,0.9936457669814104,0.9817972177611859,0.6212465089676965,0.4316600774213944,0.5806244426999162,0.5075541606745442
346,4.995137130841613,1.0401106774806976,0.9943373072762389,0.9820939475919869,0.5536353601924008,0.38838590963405306,0.5711594834216649,0.4759516624135308
347,5.0771920217666775,1.0131976902484894,0.9945850496495969,0.9829479615347716,0.5294138555479024,0.3983472266389466,0.5439185175582175,0.4809511626781339
348,7.374535648152232,1.0393515825271606,0.9924217404211128,0.9827725891736266,0.7409182656130664,0.4847972561221749,0.5495124689728315,0.5021287413240976
349,8.625082347542048,1.0147831737995148,0.9915154915327955,0.9832592894671967,0.8295212420031078,0.4989473286601453,0.5339879143740615,0.48796196961152677
350,6.0287926341407,0.9493526816368103,0.9947464212222925,0.9843128628959101,0.5136367309302716,0.38635852255841363,0.5003814866936939,0.44221486471715243
351,4.545485025737435,0.942423552274704,0.9961378892468493,0.9841900191212448,0.37759440291567575,0.32231174441431765,0.504299904069041,0.43639528469153493
352,5.757625823840499,0.9977329671382904,0.9942662533042584,0.983297805172583,0.5605822303987757,0.42614927528078195,0.5327593571303522,0.4863298248920218
353,6.753998303320259,1.113736629486084,0.9925136413449117,0.981253228602764,0.7319332114115582,0.5065689691422314,0.5979763726301668,0.5414982878305665
354,6.202716171275824,1.149168312549591,0.992833820242895,0.980557575124295,0.7006296658797297,0.49576645392716623,0.6201660251760885,0.5527977231522451
355,5.333009586203843,1.1179232597351074,0.9938914375482466,0.9811884995444776,0.5972275626123036,0.46248600596586453,0.6000410720206762,0.5326387561184156
356,4.979515904560685,1.092291384935379,0.9944863097263424,0.9818351916673294,0.5390675513500732,0.44646571498418547,0.5794131675331652,0.5188964668235982
357,5.849097915459424,1.099646270275116,0.993665158867243,0.9818440095889451,0.619350585204655,0.47505304010111393,0.5791318972989363,0.5263762020755703
358,6.2447169369552284,1.0992998480796814,0.9933049625099247,0.9817018510939389,0.6545665945754493,0.46826415879848987,0.5836664072356657,0.531200133256608
359,4.830341885332018,1.039822369813919,0.9950352857844691,0.9824607467524995,0.48539475423667094,0.3963663990176491,0.5594594830941697,0.5050681826269224
360,4.5138944941572845,1.0058537423610687,0.9955103035252619,0.982897673429695,0.43895278204240235,0.3743347411553772,0.5455225856946948,0.48529166199854323
361,6.659931772388518,1.0128125846385956,0.9932012033028105,0.9830421535281892,0.6647110203471202,0.4655198378407673,0.5409140222581346,0.4920905183049444
362,7.987051627133042,1.0035612881183624,0.9918813351025833,0.9833937929114525,0.7937531107598897,0.504440856163335,0.5296975819217119,0.4806884890903118
363,5.97701027430594,0.9705017805099487,0.9942412857567741,0.9837853359745757,0.5630232805879554,0.4292389268778567,0.5172083113345918,0.4544312743703717
364,4.876507381675765,0.9680284559726715,0.995193580980611,0.983501895448819,0.4699184036367224,0.3810195449572114,0.5262493741318588,0.45433245105747255
365,5.326874941587448,1.0024913251399994,0.9943269557592047,0.9829960512460014,0.5546474168483694,0.42764211878772296,0.5423845728339385,0.4832852558217451
366,6.397961113601923,1.0620540976524353,0.99289140324351,0.9821361240597862,0.6949998380148588,0.48453748477717457,0.569814156768312,0.5133050079889533
367,6.0975072523579,1.0561586022377014,0.9932130254275554,0.9823335937722169,0.6635551839613831,0.46729354638240034,0.5635153536388843,0.5058496718034861
368,5.13340412825346,1.0271175503730774,0.9944135753651747,0.982958243732456,0.5461787113949156,0.4299657333290299,0.5435905404818584,0.48056774491140863
369,5.339778579771519,1.0290763676166534,0.9942055501703454,0.9830678703322817,0.5665171103310258,0.4452433344355339,0.5400937188095587,0.4816576955371464
370,6.406036073109135,1.0465692579746246,0.9928831920959011,0.982743961396735,0.6958026330605785,0.486855210133526,0.5504256253675702,0.4996936834551605
371,5.8716996521689,1.0207754969596863,0.9935025320877293,0.9829548027877444,0.635250430039111,0.46773969785361563,0.5437002982419298,0.49217689746252796
372,5.156682156026363,0.989514172077179,0.9944653169390473,0.983284708410354,0.5411199935224792,0.4314874949191556,0.533177111964237,0.47221448897912593
373,5.837918230332434,0.9683335721492767,0.9939417923334871,0.983843915523054,0.5923044295687145,0.4450100219874664,0.5153397663373195,0.46068045989986073
374,6.0260576566215605,0.9608063101768494,0.9940538727805444,0.9841492142478958,0.5813464451425631,0.4270786202071726,0.5056014801982751,0.4448844012306193
375,4.986944247502834,0.9916692674160004,0.995235196414937,0.9837301084363403,0.46584970750635396,0.39124229844480535,0.5189699353648586,0.4434487318413716
376,5.694468354340643,1.0078226327896118,0.9939956088822263,0.983611063435976,0.5870428436415026,0.4491400731005596,0.5227671810872956,0.46918919495579753
377,8.836607252480462,1.1659284234046936,0.9894072198573413,0.9807017450234501,1.0356446898684342,0.6005682904777329,0.6155673563433328,0.5549496426201747
378,7.9644028609618545,1.2475589513778687,0.9899306573109267,0.979019758525094,0.9844687745767715,0.6035616015498211,0.6692186312102252,0.5889634242882454
379,6.131561191752553,1.1961133480072021,0.9921286302790701,0.9796380272415688,0.7695753280711637,0.5226558817366953,0.6494973641955323,0.5672070594308263
380,5.189849809044972,1.1325084567070007,0.993484782863457,0.980636663168827,0.6369857525530606,0.4530823357883298,0.6176433090781773,0.5279670819304886
381,4.960598376113921,1.0818654596805573,0.994075103865371,0.9820695373951586,0.5792707048775191,0.450793683805227,0.5719381092791692,0.5017180195192407
382,6.849620915949345,1.064260095357895,0.9921811857260943,0.9828201946982555,0.7644370386984739,0.5221210105206749,0.5479939686224744,0.49650650567641147
383,7.813687608810142,1.020768940448761,0.991434871066234,0.9834437941620338,0.8374034180668709,0.5199537589857338,0.5281026637453486,0.47933195632848374
384,5.479760945774615,0.9512082934379578,0.9945016168125002,0.9842456798267897,0.5375709940456519,0.40904728336393437,0.5025244630560542,0.43710154214752284
385,4.525338620413095,0.9482236504554749,0.9957119648329659,0.9838236392162653,0.4192365734868682,0.35693591659037577,0.5159865311656168,0.42312545971976684
386,6.410055119544268,0.928806871175766,0.9934376738530506,0.9843415215418275,0.641591549691802,0.46309224101129065,0.49946734565217615,0.43187818877557016
387,8.062520496547222,0.956463634967804,0.9911520250372369,0.9840262687788913,0.8650569692627019,0.5415693260869634,0.5095231413754867,0.45445524323106046
388,6.467477754689753,0.9698483943939209,0.992792031537252,0.9837215228976819,0.7047153025598866,0.4856781058899352,0.5192437931484348,0.4517990332193531
389,5.166792359901592,1.0036371052265167,0.9941997972154378,0.983030705502823,0.5670795705275743,0.41947964810959226,0.5412791863995864,0.4497417496191741
390,5.218130590859801,1.0104257762432098,0.9940586093506417,0.9832419761111755,0.5808833557927046,0.4365881998552494,0.5345401682855353,0.4584024721617247
391,7.063853837316856,1.0392521619796753,0.9916368115094651,0.9828443899584837,0.8176599187319047,0.5245587519726825,0.5472221987193038,0.4927250998161828
392,7.2332100905478,1.0517614781856537,0.9913877486069703,0.9825274846760534,0.8420105300858738,0.5330233328210765,0.5573307057917747,0.5021056676022259
393,5.265421983087435,1.0145128071308136,0.9939104056741107,0.9831688152192833,0.5953730694043586,0.44734199922767515,0.5368738226425986,0.4768529611241323
394,4.590212761191651,1.0023554563522339,0.9948420610281384,0.9833142172027347,0.5042861302635444,0.40437539503478875,0.5322358533200371,0.46777117924823364
395,6.3547677516471595,1.0015183985233307,0.9928187473766017,0.9836294873167424,0.7021033237606289,0.48913768463130847,0.5221795041397821,0.4786010621166393
396,7.994796116836369,0.9974349439144135,0.9910583920236452,0.9837723202214967,0.8742113680151212,0.5393711063807651,0.5176234821737886,0.475559862148614
397,6.061733059817925,0.9596298933029175,0.9936005622505307,0.9840688460496414,0.6256661267509294,0.45184194815422973,0.5081650300836754,0.4464691713797988
398,4.906209150096402,0.9735234975814819,0.9951273716147865,0.9834313445165577,0.4763916219242889,0.3862071630735244,0.5284997771300798,0.4337450816656541
399,6.5906735982280225,0.9566689729690552,0.9931271572274233,0.9840022895560059,0.6719504252764713,0.46505215186849247,0.5102880202133271,0.440813783120827
400,7.258619288448244,0.9731016755104065,0.9921417370455399,0.9838889371195998,0.7682938936495108,0.5059510576718552,0.5139036870028015,0.45545871921054537
401,5.622035910375416,0.9755718410015106,0.993779096902404,0.9835856248409474,0.6082109863930752,0.4529516812153377,0.5235786103439765,0.4601243116371342
402,4.797564493725076,0.9852398931980133,0.9946049219404931,0.9832159419776976,0.5274709630999322,0.4125016327742258,0.5353705937690396,0.4608926710246066
403,5.862282126909122,1.0011131763458252,0.9933123645108954,0.9831836284822051,0.6538429089238534,0.4700413049733459,0.5364013156150669,0.4731229149325374
404,6.760346533730626,1.0127528309822083,0.9922394129064624,0.9829743690574884,0.7587442300739053,0.5046023259536686,0.5430761818669266,0.4799684463979833
405,5.495538755552843,0.9910350441932678,0.9938054121948252,0.9831971428821097,0.6056381686350045,0.44655468857312836,0.5359702391559794,0.46129672488179824
406,4.803206426091492,0.9886665344238281,0.9946815815364041,0.9829499096496819,0.5199760370877355,0.40226595143738564,0.543856377434841,0.4487407534561946
407,5.486234352458268,0.9758909940719604,0.9940340351739126,0.9833035361708855,0.5832859465474083,0.43687039497638885,0.5325765522353754,0.44654256209850746
408,7.056194131728262,0.9723975956439972,0.9923913082487005,0.9836124819799145,0.7438935862876668,0.4939490866883496,0.5227219329887935,0.44852899462635926
409,7.077201681211591,0.9807263314723969,0.9924934719840347,0.9835486546380918,0.7339051480711566,0.4904196981271597,0.5247578698191422,0.4463975887519676
410,5.266348822275177,0.9776099026203156,0.9944805133474178,0.9832758323832028,0.5396342570659357,0.41740966950139785,0.5334602356236007,0.43915411552071165
411,4.7926960699260235,0.9790274202823639,0.994868466342643,0.983116679794132,0.5017045111434791,0.4015428419088942,0.5385368157925621,0.4408794090337336
412,6.58440104778856,0.9768985509872437,0.992562975950131,0.9835486348421747,0.7271098202683453,0.49504919609115494,0.5247585012607082,0.4593989341719264
413,7.1813278160989285,1.0013998746871948,0.9917484376452004,0.9833091108861836,0.8067463518337188,0.5235653784154606,0.5323987323877987,0.4694098494784935
414,5.392842184752226,1.0026704370975494,0.9938379355214033,0.9830468297632796,0.6024583980729953,0.4509555165348601,0.5407648617420296,0.45778598546129023
415,4.830031680408865,1.0057997107505798,0.9944008070507441,0.982559248706577,0.5474270557257398,0.41315806575997965,0.5563175105407049,0.45311396192103925
416,6.152103427099064,0.9952915608882904,0.9926979110152981,0.9830137925640461,0.7139173644790837,0.49324266748865075,0.5418186679756974,0.46655051873786874
417,7.729982085991651,1.0114163756370544,0.9908519191674915,0.9829340212971822,0.8943979964731642,0.5514712447462019,0.5443631772028391,0.4762745294597354
418,6.679111019708216,1.0082854926586151,0.9923443031308443,0.9829815858244879,0.7484892259638197,0.5067987300999247,0.5428459845672918,0.4604985963679518
419,5.253378588706255,1.0190277397632599,0.9941735110558663,0.9824120201449893,0.5696495399983516,0.4326683620542247,0.5610137432594083,0.4499257908543406
420,5.387753009330481,0.9822662174701691,0.9939755856950968,0.9829004701736486,0.5890004890514442,0.44184356775839834,0.5454333763706406,0.4444878162008395
421,6.855430244002491,0.9582157135009766,0.9922097786298207,0.9835003770241144,0.7616415413395723,0.5203046327606345,0.5262978081836599,0.4522293587573535
422,6.799393978435546,0.9534687995910645,0.9923860618578165,0.9835890888073061,0.7444065202659705,0.5117637672961708,0.5234681182494075,0.4489438951996257
423,5.0548524260520935,0.9758318066596985,0.9945492353082296,0.9830508203255146,0.5329153850763814,0.41873291286985936,0.5406375725208914,0.43982571387436376
424,4.927411537617445,1.0128430724143982,0.9946924328493432,0.9825776242229974,0.518915115925199,0.4115993937416717,0.5557313762980935,0.4459243968351312
425,7.364144372520968,1.0094394385814667,0.991548534597471,0.9831585771776864,0.8262906572078623,0.5370808052080028,0.537200391247254,0.46275216176634876
426,7.802783762104809,1.0153491497039795,0.9906661772536081,0.9830385983525441,0.9125577830644763,0.5652472464960989,0.5410274237069128,0.47528277613978537
427,6.23529563867487,1.005272090435028,0.9924034611850251,0.9828415881632111,0.742705406810567,0.512610658268883,0.5473115691681364,0.4707123101149825
428,5.2257813438773155,1.0076344311237335,0.9937110202790721,0.9825163194339267,0.6148667644332437,0.45823659846274123,0.5576868498362612,0.4610094341551914
429,5.378938978770748,0.9952230751514435,0.9937809161792155,0.9830024462313732,0.608033117661362,0.4542248139115387,0.5421805883677789,0.45273649827492213
430,7.043332344852388,1.004830002784729,0.9921093941433905,0.983218068402052,0.7714560243097169,0.51058204401928,0.5353027660084518,0.4534242327126648
431,7.607628650963306,0.9980596303939819,0.9914962495033623,0.9833463841661899,0.8314025144675935,0.5243094965385839,0.5312098054892971,0.4517828886727602
432,5.945658492390066,0.9718666076660156,0.9933618039807871,0.9834038261740761,0.6490092652747258,0.4689786845828757,0.5293775452678181,0.4409375616824671
433,5.259917891584337,0.9650350213050842,0.994021902038801,0.9832091526499627,0.5844721900812565,0.4595030083223509,0.5355871567966389,0.4377330998085039
434,5.818983968347311,0.9560387134552002,0.9932838184663113,0.9834190702943084,0.6566338249149569,0.4919592276378185,0.5288912949409041,0.43846074851417416
435,6.4122487008571625,0.9631778299808502,0.9926872341218677,0.9834822991647275,0.7149612328343871,0.4993808909831979,0.5268744478914829,0.43901468751399336
436,6.055345335509628,1.0069682002067566,0.9932831943820352,0.9828731740419523,0.6566948409615297,0.46627593988120847,0.5463040565252508,0.44558153143887136
437,5.7345261122100055,1.059532344341278,0.9936296097237286,0.9822436603163427,0.6228261866250839,0.4686246285734905,0.566384011957814,0.4585243206743204
438,6.325471094809473,1.0363921523094177,0.9926121266579011,0.9829059158420376,0.7223044085803937,0.5107768817901699,0.5452596728053299,0.45740293248112374
439,6.880813314579427,1.0051906108856201,0.9915663395000555,0.9834112641438294,0.8245498910853954,0.5401414645045671,0.5291402921388061,0.46361247791661114
440,6.449430175125599,1.0038861334323883,0.9919931929033673,0.983294191958586,0.7828168942197355,0.5304657455413206,0.5328746098612753,0.46841283379713067
441,5.9712700941599905,1.0119785964488983,0.9926991524292726,0.9831621126251587,0.7137959927737074,0.5048353717642683,0.5370876190791666,0.4674390936163375
442,6.640128899132833,1.0225337445735931,0.9919972645693387,0.9833118658280121,0.78241881182914,0.5288518302922551,0.5323108564497763,0.4669617821284224
443,7.522680226014927,1.019181102514267,0.9910263446517332,0.983488402651061,0.87734460500276,0.5550045168555792,0.5266797615350569,0.46304980217703956
444,5.626939889974892,1.0267453789710999,0.9935948948483515,0.982900253190763,0.6262202225495065,0.4629452087097622,0.5454402975964913,0.4507425875152054
445,4.85334153030999,1.0591508448123932,0.994730282543971,0.9820046488896267,0.5152145921036371,0.41392436005304617,0.5740078946486676,0.45054188776102383
446,6.915371156763285,1.01681587100029,0.9921877957358648,0.9830612635908096,0.7637907851723265,0.5032615137092658,0.5403044577798428,0.4460541205430068
447,7.699778228532523,1.0204623639583588,0.9912501208259464,0.9830712862895341,0.8554662498002688,0.5331854332381611,0.5399847580886131,0.4501177034260679
448,5.774510420160368,1.0241082310676575,0.9935487303248791,0.9825321766059257,0.6307336782193699,0.4598550084537135,0.5571810446503312,0.4489602692608149
449,5.412755077471957,1.0079216659069061,0.9938429126344422,0.9826507134290708,0.6019717910991609,0.45318127197496744,0.5534000085441436,0.4474019160861926
450,6.987819958245382,0.9770855009555817,0.9917283133576472,0.9834863797118258,0.8087138817230463,0.5290050068402765,0.5267442883722487,0.4506773025210667
451,6.0092580418568105,0.9999755322933197,0.9928780665931842,0.9830315976396985,0.6963037479331746,0.4920877188005591,0.5412507294049739,0.45430550683015514
452,5.36474481667392,1.026834785938263,0.9936623479682115,0.982455154006726,0.6196254037713118,0.4636404939790049,0.5596378780700196,0.4581459673114943
453,7.028315419098362,0.9768121838569641,0.9914877436471953,0.9834886841367213,0.8322341228511876,0.5381577446443498,0.5266707828277057,0.4534937527119341
454,6.888808241579682,0.9694562256336212,0.9917041943193777,0.9835299919172141,0.8110719740814375,0.5314045811675082,0.525353165184802,0.44870542429635024
455,5.444559823255986,1.0088330209255219,0.9936554879417665,0.98260482150982,0.6202961011580701,0.45809361403181903,0.5548638490543387,0.4510215948160252
456,5.104615626158193,1.0663223266601562,0.9943149314893648,0.9816357239494217,0.5558230167420295,0.42814515397113806,0.585775702173601,0.4662610247942508
457,7.202973178587854,1.0468930900096893,0.9918371915685219,0.9824882374396399,0.7980689764747357,0.5161606295845769,0.5585825970944982,0.4654739160615794
458,8.735668872948736,0.99874147772789,0.9897656357828379,0.9834399030143581,1.0006027513965852,0.5732390236106374,0.5282267818840476,0.4527103900679326
459,6.716036886675283,1.017102062702179,0.9921444818860213,0.9828179987653667,0.7680255335560421,0.5103345932099806,0.5480640135361103,0.4513020156524751
460,5.302858733339235,1.0798685848712921,0.9938426216826933,0.9813283573523597,0.6020002371378556,0.4518937620956023,0.595579948402681,0.4648988893895055
461,6.000321516534314,1.0562827289104462,0.9928367145317937,0.9820520695957108,0.7003466943757058,0.49232539104533857,0.5724952895599897,0.4604360436184297
462,7.899104519281536,1.0118060111999512,0.9903461322003805,0.9831987078405693,0.9438482427388942,0.5698939743403298,0.5359203207906708,0.45516272856639484
463,8.040702585829422,1.0019226670265198,0.9901598096021502,0.9832892303051393,0.9620648022125076,0.5728953411436797,0.5330328745281584,0.4536392198152576
464,5.660397832514718,1.0700913071632385,0.9932445298096924,0.9816083924447536,0.6604750344984113,0.47523536660965954,0.5866475106399033,0.46559003237806085
465,5.079846155364066,1.1009334027767181,0.9939863349738762,0.9806918558202966,0.5879495436586487,0.4429777915950189,0.6158827978508129,0.4726643110781239
466,7.011150479549542,1.0271581709384918,0.9915116677764806,0.9824531564066245,0.8298950865339652,0.532376835278596,0.559701596650539,0.45833403468589323
467,8.174486469244584,1.0340478718280792,0.9901373808341248,0.9824831897104516,0.9642576386721431,0.5736435930561267,0.5587436073680065,0.4639835798823821
468,6.829353648237884,1.036864012479782,0.9918102110759995,0.9819730804825083,0.8007068301292589,0.5223565853482393,0.5750148499893162,0.46107813840771195
469,5.464654637034982,1.0790494680404663,0.9935396750349529,0.9806105094314166,0.6316190041490103,0.4593993625537162,0.6184775496359766,0.4673647667719174
470,5.466090187663212,1.0683289766311646,0.9936291530533906,0.9807891909690087,0.6228708347914935,0.45707535061246235,0.612778043548166,0.4645930134777144
471,6.900198026327416,1.0282334089279175,0.9920140468781063,0.9818913673405638,0.7807780236012287,0.5119277928755422,0.5776213003044567,0.4583473483887084
472,7.9909311924129725,1.0177399814128876,0.9907878073444792,0.9822204946746382,0.9006661402622592,0.5468849432509941,0.5671229395364638,0.4578882085319611
473,5.804631852544844,1.0424428582191467,0.9934620119170146,0.9813391439696397,0.6392120434274842,0.4616210300990393,0.5952358815691249,0.4574872439021449
474,5.157008929178119,1.0544646084308624,0.9941558350910352,0.9809106298422611,0.5713777000157514,0.436951132300457,0.60890443910797,0.45789668636858916
475,7.102285720175132,1.001732736825943,0.9915884189278807,0.9822670781780408,0.8223912092403433,0.5337998071868764,0.5656370391753391,0.4512493106254716
476,7.240413282765076,1.009152203798294,0.9912841659983704,0.9821917295897812,0.8521376900112665,0.549801760900145,0.5680404757210532,0.4542501459730634
477,6.034657980082557,1.0234869122505188,0.9926903988474467,0.9816015888312636,0.7146518210277912,0.5028366190711591,0.5868645293483142,0.45283181457098975
478,5.619068686850369,1.0439706146717072,0.9932862362707443,0.9811262283827067,0.6563974387832227,0.47962302611119084,0.6020273704955562,0.4548718589926784
479,6.955061734654009,1.0372769236564636,0.9918387285070532,0.9815816557582753,0.7979187116521755,0.5306128480177159,0.5875003458539074,0.4577696099062311
480,6.869614633964375,1.0415174067020416,0.9920811634659036,0.9813926529069029,0.774216107199853,0.5150935967200305,0.5935290767263112,0.45739580008012565
481,5.744090277003124,1.0430938005447388,0.993445727628939,0.980972139612661,0.6408041407094718,0.46883600757280514,0.6069424271643795,0.45311323521146013
482,6.460850446950644,1.0049348771572113,0.9924037957495071,0.9817332835561708,0.7426726968020003,0.5191766456045375,0.582663788205968,0.4447122517260956
483,6.436368300579488,1.0164165198802948,0.9923166951608373,0.9815732404447091,0.7511884274152562,0.5223877977102861,0.5877687738714167,0.4470508526363755
484,5.996171991340816,1.0665743350982666,0.9928700350038093,0.9807628035187378,0.6970889877640114,0.49279648312142593,0.6136197389772953,0.4582862911373824
485,6.4305384387262166,1.1145184636116028,0.9924258188915814,0.980330473395089,0.7405195179541072,0.5127190208669333,0.6274100175079423,0.4749436656681
486,7.179829184897244,1.090557485818863,0.9913275405496228,0.981090667995809,0.8478970069162751,0.5516658483495248,0.6031616602735559,0.4692280738721132
487,6.5678667516913265,1.0527068376541138,0.9917475854488303,0.9816484070181558,0.8068296701536886,0.5370687194479408,0.5853711431551553,0.4579088148454149
488,5.949822517810389,1.063675045967102,0.9924144934328155,0.9812773117537634,0.7416267958427566,0.5173381892761416,0.5972081787384855,0.4585321523303825
489,6.580024749506265,1.0510123372077942,0.9916219391056019,0.9818251511545572,0.8191139776172084,0.5440517025523376,0.5797334354491522,0.45825809059310757
490,7.63238907745108,1.0702242255210876,0.9904283910106702,0.9818813671505768,0.9358058875758417,0.5802364969008724,0.5779402820217526,0.4635381513002008
491,6.687734030652791,1.1192680597305298,0.9918192268213393,0.9808546925272146,0.7998253704311854,0.5358671069801757,0.6106887032907112,0.47207400697553464
492,6.283947887830436,1.1200011074543,0.9924153255905918,0.9804863449127067,0.7415454366744807,0.5086061171958401,0.6224380955312803,0.4713382742153265
493,7.482609936501831,1.0764084458351135,0.9908850042644685,0.9812589813644776,0.8911633022251421,0.5566647801849514,0.5977928735353502,0.4618073543481973
494,6.338265770347789,1.1346445083618164,0.9923848642079792,0.9799231393739206,0.7445236131988627,0.5086307059320151,0.640402981217048,0.4793055484953691
495,5.798769782064483,1.1900041103363037,0.9931205034247143,0.9788410416444951,0.672600960390985,0.47977896414171617,0.6749192646539147,0.49882252396231735
496,7.5668102484196424,1.1371612250804901,0.9908462223532167,0.9802813033934958,0.89495496786059,0.5553698936365833,0.6289784208650815,0.4878654360537415
497,8.719810908194631,1.0639494061470032,0.9891029546117646,0.9817148697101361,1.0653923747678966,0.6056575291008213,0.583251145069968,0.4689039083139306
498,6.429758024169132,1.103172779083252,0.9918881660882212,0.9806283001951132,0.7930852526615202,0.5263904491620769,0.6179100675818077,0.47388459394562377
499,5.044114281190559,1.2160049974918365,0.9936994091888701,0.9780558429777605,0.6160019681993267,0.4494916437785372,0.6999651907272064,0.5020235954196838
